username,login_hour,logout_hour,failed_login,process_start,file_access,usb_insert,usb_executable_run,internet_download,suspicious_download,download_then_execute,powershell_started,encoded_command,execution_policy_bypass,execution_from_temp,unsigned_binary,hidden_process,double_extension,office_spawned_shell,certutil_download,bitsadmin_download,rundll32_network,regsvr32_remote_script,mshta_remote_script,privilege_escalation,sudo_abuse,nmap_scan,hydra_bruteforce,ssh_bruteforce,reverse_shell,ransomware_behavior,sensitive_file_access,persistence_created,osascript_shell,network_alert,port_scan,malicious_ip_contact,data_exfiltration,siem_alert,login_count,logout_count,total_events,night_activity,off_hours_activity,active_hours,session_span,distinct_ips,usb_remove,weekend_activity,off_hours_ratio,event_rate,distinct_processes,file_to_process_ratio,login_attempts,usb_events,off_hours_logon,distinct_file_types,removable_file_events,label
TAWSIF,9.0,17.0,0,1,1,0,0,0,0,0,0,0,0,0,0,0,0,0,0,0,0,0,0,0,0,0,0,0,0,0,0,0,0,0,0,0,0,0,1,1,4,0,0,2,8,0,0,0,0.0,2.0,1,1.0,1,0,0,1,0,0
TAWSIF,9.0,17.0,0,2,1,0,0,0,0,0,0,0,0,0,0,0,0,0,0,0,0,0,0,0,0,0,0,0,0,0,0,0,0,0,0,0,0,0,1,1,4,0,0,2,8,0,0,0,0.0,2.0,1,1.0,1,0,0,1,0,0
TAWSIF,9.0,17.0,0,2,1,0,0,0,0,0,0,0,0,0,0,0,0,0,0,0,0,0,0,0,0,0,0,0,0,0,0,0,0,0,0,0,0,0,1,1,4,0,0,2,8,0,0,0,0.0,2.0,1,1.0,1,0,0,1,0,0
TAWSIF,9.0,17.0,0,1,1,0,0,0,0,0,0,0,0,0,0,0,0,0,0,0,0,0,0,0,0,0,0,0,0,0,0,0,0,0,0,0,0,0,1,1,4,0,0,2,8,0,0,0,0.0,2.0,1,1.0,1,0,0,1,0,0
TAWSIF,9.0,17.0,0,1,2,0,0,0,0,0,0,0,0,0,0,0,0,0,0,0,0,0,0,0,0,0,0,0,0,0,0,0,0,0,0,0,0,0,1,1,4,0,0,2,8,0,0,0,0.0,2.0,1,1.0,1,0,0,1,0,0
TAWSIF,9.0,17.0,1,2,1,0,0,0,0,0,0,0,0,0,0,0,0,0,0,0,0,0,0,0,0,0,0,0,0,0,0,0,0,0,0,0,0,0,1,1,4,0,0,2,8,0,0,0,0.0,2.0,1,1.0,1,0,0,1,0,0
TAWSIF,9.0,17.0,1,1,0,0,0,0,0,0,0,0,0,0,0,0,0,0,0,0,0,0,0,0,0,0,0,0,0,0,0,0,0,0,0,0,0,0,1,1,4,0,0,2,8,0,0,0,0.0,2.0,1,1.0,1,0,0,1,0,0
TAWSIF,9.0,17.0,1,1,1,0,0,0,0,0,0,0,0,0,0,0,0,0,0,0,0,0,0,0,0,0,0,0,0,0,0,0,0,0,0,0,0,0,1,1,4,0,0,2,8,0,0,0,0.0,2.0,1,1.0,1,0,0,1,0,0
TAWSIF,9.0,17.0,1,1,0,0,0,0,0,0,0,0,0,0,0,0,0,0,0,0,0,0,0,0,0,0,0,0,0,0,0,0,0,0,0,0,0,0,1,1,4,0,0,2,8,0,0,0,0.0,2.0,1,1.0,1,0,0,1,0,0
TAWSIF,9.0,17.0,0,1,1,0,0,0,0,0,0,0,0,0,0,0,0,0,0,0,0,0,0,0,0,0,0,0,0,0,0,0,0,0,0,0,0,0,1,1,4,0,0,2,8,0,0,0,0.0,2.0,1,1.0,1,0,0,1,0,0
TAWSIF,9.0,17.0,0,2,1,0,0,0,0,0,0,0,0,0,0,0,0,0,0,0,0,0,0,0,0,0,0,0,0,0,0,0,0,0,0,0,0,0,1,1,4,0,0,2,8,0,0,0,0.0,2.0,1,1.0,1,0,0,1,0,0
TAWSIF,9.0,17.0,0,0,0,0,0,0,0,0,0,0,0,0,0,0,0,0,0,0,0,0,0,0,0,0,0,0,0,0,0,0,0,0,0,0,0,0,1,1,4,0,0,2,8,0,0,0,0.0,2.0,1,1.0,1,0,0,1,0,0
TAWSIF,9.0,17.0,0,1,1,0,0,0,0,0,0,0,0,0,0,0,0,0,0,0,0,0,0,0,0,0,0,0,0,0,0,0,0,0,0,0,0,0,1,1,4,0,0,2,8,0,0,0,0.0,2.0,1,1.0,1,0,0,1,0,0
TAWSIF,9.0,17.0,0,0,1,0,0,0,0,0,0,0,0,0,0,0,0,0,0,0,0,0,0,0,0,0,0,0,0,0,0,0,0,0,0,0,0,0,1,1,4,0,0,2,8,0,0,0,0.0,2.0,1,1.0,1,0,0,1,0,0
TAWSIF,9.0,17.0,0,1,1,0,0,0,0,0,0,0,0,0,0,0,0,0,0,0,0,0,0,0,0,0,0,0,0,0,0,0,0,0,0,0,0,0,1,1,4,0,0,2,8,0,0,0,0.0,2.0,1,1.0,1,0,0,1,0,0
TAWSIF,9.0,17.0,0,1,1,0,0,0,0,0,0,0,0,0,0,0,0,0,0,0,0,0,0,0,0,0,0,0,0,0,0,0,0,0,0,0,0,0,1,1,4,0,0,2,8,0,0,0,0.0,2.0,1,1.0,1,0,0,1,0,0
TAWSIF,9.0,17.0,0,0,2,0,0,0,0,0,0,0,0,0,0,0,0,0,0,0,0,0,0,0,0,0,0,0,0,0,0,0,0,0,0,0,0,0,1,1,4,0,0,2,8,0,0,0,0.0,2.0,1,1.0,1,0,0,1,0,0
TAWSIF,9.0,17.0,0,1,1,0,0,0,0,0,0,0,0,0,0,0,0,0,0,0,0,0,0,0,0,0,0,0,0,0,0,0,0,0,0,0,0,0,1,1,4,0,0,2,8,0,0,0,0.0,2.0,1,1.0,1,0,0,1,0,0
TAWSIF,9.0,17.0,0,1,2,0,0,0,0,0,0,0,0,0,0,0,0,0,0,0,0,0,0,0,0,0,0,0,0,0,0,0,0,0,0,0,0,0,1,1,4,0,0,2,8,0,0,0,0.0,2.0,1,1.0,1,0,0,1,0,0
TAWSIF,9.0,17.0,0,0,1,0,0,0,0,0,0,0,0,0,0,0,0,0,0,0,0,0,0,0,0,0,0,0,0,0,0,0,0,0,0,0,0,0,1,1,4,0,0,2,8,0,0,0,0.0,2.0,1,1.0,1,0,0,1,0,0
TAWSIF,9.0,17.0,0,0,1,0,0,0,0,0,0,0,0,0,0,0,0,0,0,0,0,0,0,0,0,0,0,0,0,0,0,0,0,0,0,0,0,0,1,1,4,0,0,2,8,0,0,0,0.0,2.0,1,1.0,1,0,0,1,0,0
TAWSIF,9.0,17.0,0,1,1,0,0,0,0,0,0,0,0,0,0,0,0,0,0,0,0,0,0,0,0,0,0,0,0,0,0,0,0,0,0,0,0,0,1,1,4,0,0,2,8,0,0,0,0.0,2.0,1,1.0,1,0,0,1,0,0
TAWSIF,9.0,17.0,1,1,1,0,0,0,0,0,0,0,0,0,0,0,0,0,0,0,0,0,0,0,0,0,0,0,0,0,0,0,0,0,0,0,0,0,1,1,4,0,0,2,8,0,0,0,0.0,2.0,1,1.0,1,0,0,1,0,0
TAWSIF,9.0,17.0,1,0,2,0,0,0,0,0,0,0,0,0,0,0,0,0,0,0,0,0,0,0,0,0,0,0,0,0,0,0,0,0,0,0,0,0,1,1,4,0,0,2,8,0,0,0,0.0,2.0,1,1.0,1,0,0,1,0,0
TAWSIF,9.0,17.0,0,1,0,0,0,0,0,0,0,0,0,0,0,0,0,0,0,0,0,0,0,0,0,0,0,0,0,0,0,0,0,0,0,0,0,0,1,1,4,0,0,2,8,0,0,0,0.0,2.0,1,1.0,1,0,0,1,0,0
TAWSIF,9.0,17.0,0,0,0,0,0,0,0,0,0,0,0,0,0,0,0,0,0,0,0,0,0,0,0,0,0,0,0,0,0,0,0,0,0,0,0,0,1,1,4,0,0,2,8,0,0,0,0.0,2.0,1,1.0,1,0,0,1,0,0
TAWSIF,9.0,17.0,0,2,1,0,0,0,0,0,0,0,0,0,0,0,0,0,0,0,0,0,0,0,0,0,0,0,0,0,0,0,0,0,0,0,0,0,1,1,4,0,0,2,8,0,0,0,0.0,2.0,1,1.0,1,0,0,1,0,0
TAWSIF,9.0,17.0,0,1,1,0,0,0,0,0,0,0,0,0,0,0,0,0,0,0,0,0,0,0,0,0,0,0,0,0,0,0,0,0,0,0,0,0,1,1,4,0,0,2,8,0,0,0,0.0,2.0,1,1.0,1,0,0,1,0,0
TAWSIF,9.0,17.0,1,1,0,0,0,0,0,0,0,0,0,0,0,0,0,0,0,0,0,0,0,0,0,0,0,0,0,0,0,0,0,0,0,0,0,0,1,1,4,0,0,2,8,0,0,0,0.0,2.0,1,1.0,1,0,0,1,0,0
TAWSIF,9.0,17.0,0,1,0,0,0,0,0,0,0,0,0,0,0,0,0,0,0,0,0,0,0,0,0,0,0,0,0,0,0,0,0,0,0,0,0,0,1,1,4,0,0,2,8,0,0,0,0.0,2.0,1,1.0,1,0,0,1,0,0
TAWSIF,9.0,17.0,0,0,0,0,0,0,0,0,0,0,0,0,0,0,0,0,0,0,0,0,0,0,0,0,0,0,0,0,0,0,0,0,0,0,0,0,1,1,4,0,0,2,8,0,0,0,0.0,2.0,1,1.0,1,0,0,1,0,0
TAWSIF,9.0,17.0,0,1,2,0,0,0,0,0,0,0,0,0,0,0,0,0,0,0,0,0,0,0,0,0,0,0,0,0,0,0,0,0,0,0,0,0,1,1,4,0,0,2,8,0,0,0,0.0,2.0,1,1.0,1,0,0,1,0,0
TAWSIF,9.0,17.0,0,0,1,0,0,0,0,0,0,0,0,0,0,0,0,0,0,0,0,0,0,0,0,0,0,0,0,0,0,0,0,0,0,0,0,0,1,1,4,0,0,2,8,0,0,0,0.0,2.0,1,1.0,1,0,0,1,0,0
TAWSIF,9.0,17.0,1,1,0,0,0,0,0,0,0,0,0,0,0,0,0,0,0,0,0,0,0,0,0,0,0,0,0,0,0,0,0,0,0,0,0,0,1,1,4,0,0,2,8,0,0,0,0.0,2.0,1,1.0,1,0,0,1,0,0
TAWSIF,9.0,17.0,0,1,1,0,0,0,0,0,0,0,0,0,0,0,0,0,0,0,0,0,0,0,0,0,0,0,0,0,0,0,0,0,0,0,0,0,1,1,4,0,0,2,8,0,0,0,0.0,2.0,1,1.0,1,0,0,1,0,0
TAWSIF,9.0,17.0,0,0,1,0,0,0,0,0,0,0,0,0,0,0,0,0,0,0,0,0,0,0,0,0,0,0,0,0,0,0,0,0,0,0,0,0,1,1,4,0,0,2,8,0,0,0,0.0,2.0,1,1.0,1,0,0,1,0,0
TAWSIF,9.0,17.0,0,1,1,0,0,0,0,0,0,0,0,0,0,0,0,0,0,0,0,0,0,0,0,0,0,0,0,0,0,0,0,0,0,0,0,0,1,1,4,0,0,2,8,0,0,0,0.0,2.0,1,1.0,1,0,0,1,0,0
TAWSIF,9.0,17.0,1,0,1,0,0,0,0,0,0,0,0,0,0,0,0,0,0,0,0,0,0,0,0,0,0,0,0,0,0,0,0,0,0,0,0,0,1,1,4,0,0,2,8,0,0,0,0.0,2.0,1,1.0,1,0,0,1,0,0
TAWSIF,9.0,17.0,1,1,0,0,0,0,0,0,0,0,0,0,0,0,0,0,0,0,0,0,0,0,0,0,0,0,0,0,0,0,0,0,0,0,0,0,1,1,4,0,0,2,8,0,0,0,0.0,2.0,1,1.0,1,0,0,1,0,0
TAWSIF,9.0,17.0,0,1,0,0,0,0,0,0,0,0,0,0,0,0,0,0,0,0,0,0,0,0,0,0,0,0,0,0,0,0,0,0,0,0,0,0,1,1,4,0,0,2,8,0,0,0,0.0,2.0,1,1.0,1,0,0,1,0,0
TAWSIF,9.0,17.0,1,1,1,0,0,0,0,0,0,0,0,0,0,0,0,0,0,0,0,0,0,0,0,0,0,0,0,0,0,0,0,0,0,0,0,0,1,1,4,0,0,2,8,0,0,0,0.0,2.0,1,1.0,1,0,0,1,0,0
TAWSIF,9.0,17.0,0,0,1,0,0,0,0,0,0,0,0,0,0,0,0,0,0,0,0,0,0,0,0,0,0,0,0,0,0,0,0,0,0,0,0,0,1,1,4,0,0,2,8,0,0,0,0.0,2.0,1,1.0,1,0,0,1,0,0
TAWSIF,9.0,17.0,1,1,0,0,0,0,0,0,0,0,0,0,0,0,0,0,0,0,0,0,0,0,0,0,0,0,0,0,0,0,0,0,0,0,0,0,1,1,4,0,0,2,8,0,0,0,0.0,2.0,1,1.0,1,0,0,1,0,0
TAWSIF,9.0,17.0,0,2,1,0,0,0,0,0,0,0,0,0,0,0,0,0,0,0,0,0,0,0,0,0,0,0,0,0,0,0,0,0,0,0,0,0,1,1,4,0,0,2,8,0,0,0,0.0,2.0,1,1.0,1,0,0,1,0,0
TAWSIF,9.0,17.0,1,0,1,0,0,0,0,0,0,0,0,0,0,0,0,0,0,0,0,0,0,0,0,0,0,0,0,0,0,0,0,0,0,0,0,0,1,1,4,0,0,2,8,0,0,0,0.0,2.0,1,1.0,1,0,0,1,0,0
TAWSIF,9.0,17.0,0,1,1,0,0,0,0,0,0,0,0,0,0,0,0,0,0,0,0,0,0,0,0,0,0,0,0,0,0,0,0,0,0,0,0,0,1,1,4,0,0,2,8,0,0,0,0.0,2.0,1,1.0,1,0,0,1,0,0
TAWSIF,9.0,17.0,0,1,0,0,0,0,0,0,0,0,0,0,0,0,0,0,0,0,0,0,0,0,0,0,0,0,0,0,0,0,0,0,0,0,0,0,1,1,4,0,0,2,8,0,0,0,0.0,2.0,1,1.0,1,0,0,1,0,0
TAWSIF,9.0,17.0,1,1,0,0,0,0,0,0,0,0,0,0,0,0,0,0,0,0,0,0,0,0,0,0,0,0,0,0,0,0,0,0,0,0,0,0,1,1,4,0,0,2,8,0,0,0,0.0,2.0,1,1.0,1,0,0,1,0,0
TAWSIF,9.0,17.0,0,0,0,0,0,0,0,0,0,0,0,0,0,0,0,0,0,0,0,0,0,0,0,0,0,0,0,0,0,0,0,0,0,0,0,0,1,1,4,0,0,2,8,0,0,0,0.0,2.0,1,1.0,1,0,0,1,0,0
TAWSIF,9.0,17.0,0,1,1,0,0,0,0,0,0,0,0,0,0,0,0,0,0,0,0,0,0,0,0,0,0,0,0,0,0,0,0,0,0,0,0,0,1,1,4,0,0,2,8,0,0,0,0.0,2.0,1,1.0,1,0,0,1,0,0
TAWSIF,9.0,17.0,0,1,1,0,0,0,0,0,0,0,0,0,0,0,0,0,0,0,0,0,0,0,0,0,0,0,0,0,0,0,0,0,0,0,0,0,1,1,4,0,0,2,8,0,0,0,0.0,2.0,1,1.0,1,0,0,1,0,0
TAWSIF,9.0,17.0,1,1,1,0,0,0,0,0,0,0,0,0,0,0,0,0,0,0,0,0,0,0,0,0,0,0,0,0,0,0,0,0,0,0,0,0,1,1,4,0,0,2,8,0,0,0,0.0,2.0,1,1.0,1,0,0,1,0,0
TAWSIF,9.0,17.0,1,1,0,0,0,0,0,0,0,0,0,0,0,0,0,0,0,0,0,0,0,0,0,0,0,0,0,0,0,0,0,0,0,0,0,0,1,1,4,0,0,2,8,0,0,0,0.0,2.0,1,1.0,1,0,0,1,0,0
TAWSIF,9.0,17.0,0,1,1,0,0,0,0,0,0,0,0,0,0,0,0,0,0,0,0,0,0,0,0,0,0,0,0,0,0,0,0,0,0,0,0,0,1,1,4,0,0,2,8,0,0,0,0.0,2.0,1,1.0,1,0,0,1,0,0
TAWSIF,9.0,17.0,1,1,1,0,0,0,0,0,0,0,0,0,0,0,0,0,0,0,0,0,0,0,0,0,0,0,0,0,0,0,0,0,0,0,0,0,1,1,4,0,0,2,8,0,0,0,0.0,2.0,1,1.0,1,0,0,1,0,0
TAWSIF,9.0,17.0,0,1,1,0,0,0,0,0,0,0,0,0,0,0,0,0,0,0,0,0,0,0,0,0,0,0,0,0,0,0,0,0,0,0,0,0,1,1,4,0,0,2,8,0,0,0,0.0,2.0,1,1.0,1,0,0,1,0,0
TAWSIF,9.0,17.0,0,1,0,0,0,0,0,0,0,0,0,0,0,0,0,0,0,0,0,0,0,0,0,0,0,0,0,0,0,0,0,0,0,0,0,0,1,1,4,0,0,2,8,0,0,0,0.0,2.0,1,1.0,1,0,0,1,0,0
TAWSIF,9.0,17.0,0,1,2,0,0,0,0,0,0,0,0,0,0,0,0,0,0,0,0,0,0,0,0,0,0,0,0,0,0,0,0,0,0,0,0,0,1,1,4,0,0,2,8,0,0,0,0.0,2.0,1,1.0,1,0,0,1,0,0
TAWSIF,9.0,17.0,0,0,1,0,0,0,0,0,0,0,0,0,0,0,0,0,0,0,0,0,0,0,0,0,0,0,0,0,0,0,0,0,0,0,0,0,1,1,4,0,0,2,8,0,0,0,0.0,2.0,1,1.0,1,0,0,1,0,0
TAWSIF,9.0,17.0,0,1,2,0,0,0,0,0,0,0,0,0,0,0,0,0,0,0,0,0,0,0,0,0,0,0,0,0,0,0,0,0,0,0,0,0,1,1,4,0,0,2,8,0,0,0,0.0,2.0,1,1.0,1,0,0,1,0,0
TAWSIF,9.0,17.0,0,1,1,0,0,0,0,0,0,0,0,0,0,0,0,0,0,0,0,0,0,0,0,0,0,0,0,0,0,0,0,0,0,0,0,0,1,1,4,0,0,2,8,0,0,0,0.0,2.0,1,1.0,1,0,0,1,0,0
TAWSIF,9.0,17.0,0,0,0,0,0,0,0,0,0,0,0,0,0,0,0,0,0,0,0,0,0,0,0,0,0,0,0,0,0,0,0,0,0,0,0,0,1,1,4,0,0,2,8,0,0,0,0.0,2.0,1,1.0,1,0,0,1,0,0
TAWSIF,9.0,17.0,0,1,1,0,0,0,0,0,0,0,0,0,0,0,0,0,0,0,0,0,0,0,0,0,0,0,0,0,0,0,0,0,0,0,0,0,1,1,4,0,0,2,8,0,0,0,0.0,2.0,1,1.0,1,0,0,1,0,0
TAWSIF,9.0,17.0,0,1,2,0,0,0,0,0,0,0,0,0,0,0,0,0,0,0,0,0,0,0,0,0,0,0,0,0,0,0,0,0,0,0,0,0,1,1,4,0,0,2,8,0,0,0,0.0,2.0,1,1.0,1,0,0,1,0,0
TAWSIF,9.0,17.0,1,0,2,0,0,0,0,0,0,0,0,0,0,0,0,0,0,0,0,0,0,0,0,0,0,0,0,0,0,0,0,0,0,0,0,0,1,1,4,0,0,2,8,0,0,0,0.0,2.0,1,1.0,1,0,0,1,0,0
TAWSIF,9.0,17.0,1,0,1,0,0,0,0,0,0,0,0,0,0,0,0,0,0,0,0,0,0,0,0,0,0,0,0,0,0,0,0,0,0,0,0,0,1,1,4,0,0,2,8,0,0,0,0.0,2.0,1,1.0,1,0,0,1,0,0
TAWSIF,9.0,17.0,1,1,0,0,0,0,0,0,0,0,0,0,0,0,0,0,0,0,0,0,0,0,0,0,0,0,0,0,0,0,0,0,0,0,0,0,1,1,4,0,0,2,8,0,0,0,0.0,2.0,1,1.0,1,0,0,1,0,0
TAWSIF,9.0,17.0,0,1,1,0,0,0,0,0,0,0,0,0,0,0,0,0,0,0,0,0,0,0,0,0,0,0,0,0,0,0,0,0,0,0,0,0,1,1,4,0,0,2,8,0,0,0,0.0,2.0,1,1.0,1,0,0,1,0,0
TAWSIF,9.0,17.0,0,0,1,0,0,0,0,0,0,0,0,0,0,0,0,0,0,0,0,0,0,0,0,0,0,0,0,0,0,0,0,0,0,0,0,0,1,1,4,0,0,2,8,0,0,0,0.0,2.0,1,1.0,1,0,0,1,0,0
TAWSIF,9.0,17.0,0,1,1,0,0,0,0,0,0,0,0,0,0,0,0,0,0,0,0,0,0,0,0,0,0,0,0,0,0,0,0,0,0,0,0,0,1,1,4,0,0,2,8,0,0,0,0.0,2.0,1,1.0,1,0,0,1,0,0
TAWSIF,9.0,17.0,0,0,0,0,0,0,0,0,0,0,0,0,0,0,0,0,0,0,0,0,0,0,0,0,0,0,0,0,0,0,0,0,0,0,0,0,1,1,4,0,0,2,8,0,0,0,0.0,2.0,1,1.0,1,0,0,1,0,0
TAWSIF,9.0,17.0,0,1,2,0,0,0,0,0,0,0,0,0,0,0,0,0,0,0,0,0,0,0,0,0,0,0,0,0,0,0,0,0,0,0,0,0,1,1,4,0,0,2,8,0,0,0,0.0,2.0,1,1.0,1,0,0,1,0,0
TAWSIF,9.0,17.0,0,0,1,0,0,0,0,0,0,0,0,0,0,0,0,0,0,0,0,0,0,0,0,0,0,0,0,0,0,0,0,0,0,0,0,0,1,1,4,0,0,2,8,0,0,0,0.0,2.0,1,1.0,1,0,0,1,0,0
TAWSIF,9.0,17.0,0,1,1,0,0,0,0,0,0,0,0,0,0,0,0,0,0,0,0,0,0,0,0,0,0,0,0,0,0,0,0,0,0,0,0,0,1,1,4,0,0,2,8,0,0,0,0.0,2.0,1,1.0,1,0,0,1,0,0
TAWSIF,9.0,17.0,0,2,1,0,0,0,0,0,0,0,0,0,0,0,0,0,0,0,0,0,0,0,0,0,0,0,0,0,0,0,0,0,0,0,0,0,1,1,4,0,0,2,8,0,0,0,0.0,2.0,1,1.0,1,0,0,1,0,0
TAWSIF,9.0,17.0,0,0,0,0,0,0,0,0,0,0,0,0,0,0,0,0,0,0,0,0,0,0,0,0,0,0,0,0,0,0,0,0,0,0,0,0,1,1,4,0,0,2,8,0,0,0,0.0,2.0,1,1.0,1,0,0,1,0,0
TAWSIF,9.0,17.0,0,1,0,0,0,0,0,0,0,0,0,0,0,0,0,0,0,0,0,0,0,0,0,0,0,0,0,0,0,0,0,0,0,0,0,0,1,1,4,0,0,2,8,0,0,0,0.0,2.0,1,1.0,1,0,0,1,0,0
TAWSIF,9.0,17.0,0,1,1,0,0,0,0,0,0,0,0,0,0,0,0,0,0,0,0,0,0,0,0,0,0,0,0,0,0,0,0,0,0,0,0,0,1,1,4,0,0,2,8,0,0,0,0.0,2.0,1,1.0,1,0,0,1,0,0
TAWSIF,9.0,17.0,0,1,0,0,0,0,0,0,0,0,0,0,0,0,0,0,0,0,0,0,0,0,0,0,0,0,0,0,0,0,0,0,0,0,0,0,1,1,4,0,0,2,8,0,0,0,0.0,2.0,1,1.0,1,0,0,1,0,0
TAWSIF,9.0,17.0,0,0,1,0,0,0,0,0,0,0,0,0,0,0,0,0,0,0,0,0,0,0,0,0,0,0,0,0,0,0,0,0,0,0,0,0,1,1,4,0,0,2,8,0,0,0,0.0,2.0,1,1.0,1,0,0,1,0,0
TAWSIF,9.0,17.0,0,0,0,0,0,0,0,0,0,0,0,0,0,0,0,0,0,0,0,0,0,0,0,0,0,0,0,0,0,0,0,0,0,0,0,0,1,1,4,0,0,2,8,0,0,0,0.0,2.0,1,1.0,1,0,0,1,0,0
TAWSIF,9.0,17.0,1,1,0,0,0,0,0,0,0,0,0,0,0,0,0,0,0,0,0,0,0,0,0,0,0,0,0,0,0,0,0,0,0,0,0,0,1,1,4,0,0,2,8,0,0,0,0.0,2.0,1,1.0,1,0,0,1,0,0
TAWSIF,9.0,17.0,1,0,2,0,0,0,0,0,0,0,0,0,0,0,0,0,0,0,0,0,0,0,0,0,0,0,0,0,0,0,0,0,0,0,0,0,1,1,4,0,0,2,8,0,0,0,0.0,2.0,1,1.0,1,0,0,1,0,0
TAWSIF,9.0,17.0,0,1,1,0,0,0,0,0,0,0,0,0,0,0,0,0,0,0,0,0,0,0,0,0,0,0,0,0,0,0,0,0,0,0,0,0,1,1,4,0,0,2,8,0,0,0,0.0,2.0,1,1.0,1,0,0,1,0,0
TAWSIF,9.0,17.0,0,2,0,0,0,0,0,0,0,0,0,0,0,0,0,0,0,0,0,0,0,0,0,0,0,0,0,0,0,0,0,0,0,0,0,0,1,1,4,0,0,2,8,0,0,0,0.0,2.0,1,1.0,1,0,0,1,0,0
TAWSIF,9.0,17.0,1,1,1,0,0,0,0,0,0,0,0,0,0,0,0,0,0,0,0,0,0,0,0,0,0,0,0,0,0,0,0,0,0,0,0,0,1,1,4,0,0,2,8,0,0,0,0.0,2.0,1,1.0,1,0,0,1,0,0
TAWSIF,9.0,17.0,0,1,0,0,0,0,0,0,0,0,0,0,0,0,0,0,0,0,0,0,0,0,0,0,0,0,0,0,0,0,0,0,0,0,0,0,1,1,4,0,0,2,8,0,0,0,0.0,2.0,1,1.0,1,0,0,1,0,0
TAWSIF,9.0,17.0,0,0,2,0,0,0,0,0,0,0,0,0,0,0,0,0,0,0,0,0,0,0,0,0,0,0,0,0,0,0,0,0,0,0,0,0,1,1,4,0,0,2,8,0,0,0,0.0,2.0,1,1.0,1,0,0,1,0,0
TAWSIF,9.0,17.0,1,1,1,0,0,0,0,0,0,0,0,0,0,0,0,0,0,0,0,0,0,0,0,0,0,0,0,0,0,0,0,0,0,0,0,0,1,1,4,0,0,2,8,0,0,0,0.0,2.0,1,1.0,1,0,0,1,0,0
TAWSIF,9.0,17.0,0,0,0,0,0,0,0,0,0,0,0,0,0,0,0,0,0,0,0,0,0,0,0,0,0,0,0,0,0,0,0,0,0,0,0,0,1,1,4,0,0,2,8,0,0,0,0.0,2.0,1,1.0,1,0,0,1,0,0
TAWSIF,9.0,17.0,1,1,2,0,0,0,0,0,0,0,0,0,0,0,0,0,0,0,0,0,0,0,0,0,0,0,0,0,0,0,0,0,0,0,0,0,1,1,4,0,0,2,8,0,0,0,0.0,2.0,1,1.0,1,0,0,1,0,0
TAWSIF,9.0,17.0,0,2,0,0,0,0,0,0,0,0,0,0,0,0,0,0,0,0,0,0,0,0,0,0,0,0,0,0,0,0,0,0,0,0,0,0,1,1,4,0,0,2,8,0,0,0,0.0,2.0,1,1.0,1,0,0,1,0,0
TAWSIF,9.0,17.0,0,1,1,0,0,0,0,0,0,0,0,0,0,0,0,0,0,0,0,0,0,0,0,0,0,0,0,0,0,0,0,0,0,0,0,0,1,1,4,0,0,2,8,0,0,0,0.0,2.0,1,1.0,1,0,0,1,0,0
TAWSIF,9.0,17.0,0,1,0,0,0,0,0,0,0,0,0,0,0,0,0,0,0,0,0,0,0,0,0,0,0,0,0,0,0,0,0,0,0,0,0,0,1,1,4,0,0,2,8,0,0,0,0.0,2.0,1,1.0,1,0,0,1,0,0
TAWSIF,9.0,17.0,1,1,2,0,0,0,0,0,0,0,0,0,0,0,0,0,0,0,0,0,0,0,0,0,0,0,0,0,0,0,0,0,0,0,0,0,1,1,4,0,0,2,8,0,0,0,0.0,2.0,1,1.0,1,0,0,1,0,0
TAWSIF,9.0,17.0,0,1,0,0,0,0,0,0,0,0,0,0,0,0,0,0,0,0,0,0,0,0,0,0,0,0,0,0,0,0,0,0,0,0,0,0,1,1,4,0,0,2,8,0,0,0,0.0,2.0,1,1.0,1,0,0,1,0,0
TAWSIF,9.0,17.0,0,0,0,0,0,0,0,0,0,0,0,0,0,0,0,0,0,0,0,0,0,0,0,0,0,0,0,0,0,0,0,0,0,0,0,0,1,1,4,0,0,2,8,0,0,0,0.0,2.0,1,1.0,1,0,0,1,0,0
TAWSIF,9.0,17.0,0,0,0,0,0,0,0,0,0,0,0,0,0,0,0,0,0,0,0,0,0,0,0,0,0,0,0,0,0,0,0,0,0,0,0,0,1,1,4,0,0,2,8,0,0,0,0.0,2.0,1,1.0,1,0,0,1,0,0
TAWSIF,9.0,17.0,1,1,1,0,0,0,0,0,0,0,0,0,0,0,0,0,0,0,0,0,0,0,0,0,0,0,0,0,0,0,0,0,0,0,0,0,1,1,4,0,0,2,8,0,0,0,0.0,2.0,1,1.0,1,0,0,1,0,0
TAWSIF,9.0,17.0,1,0,1,0,0,0,0,0,0,0,0,0,0,0,0,0,0,0,0,0,0,0,0,0,0,0,0,0,0,0,0,0,0,0,0,0,1,1,4,0,0,2,8,0,0,0,0.0,2.0,1,1.0,1,0,0,1,0,0
TAWSIF,9.0,17.0,0,1,1,0,0,0,0,0,0,0,0,0,0,0,0,0,0,0,0,0,0,0,0,0,0,0,0,0,0,0,0,0,0,0,0,0,1,1,4,0,0,2,8,0,0,0,0.0,2.0,1,1.0,1,0,0,1,0,0
TAWSIF,9.0,17.0,0,2,1,0,0,0,0,0,0,0,0,0,0,0,0,0,0,0,0,0,0,0,0,0,0,0,0,0,0,0,0,0,0,0,0,0,1,1,4,0,0,2,8,0,0,0,0.0,2.0,1,1.0,1,0,0,1,0,0
TAWSIF,9.0,17.0,1,1,1,0,0,0,0,0,0,0,0,0,0,0,0,0,0,0,0,0,0,0,0,0,0,0,0,0,0,0,0,0,0,0,0,0,1,1,4,0,0,2,8,0,0,0,0.0,2.0,1,1.0,1,0,0,1,0,0
TAWSIF,9.0,17.0,1,1,2,0,0,0,0,0,0,0,0,0,0,0,0,0,0,0,0,0,0,0,0,0,0,0,0,0,0,0,0,0,0,0,0,0,1,1,4,0,0,2,8,0,0,0,0.0,2.0,1,1.0,1,0,0,1,0,0
TAWSIF,9.0,17.0,0,0,0,0,0,0,0,0,0,0,0,0,0,0,0,0,0,0,0,0,0,0,0,0,0,0,0,0,0,0,0,0,0,0,0,0,1,1,4,0,0,2,8,0,0,0,0.0,2.0,1,1.0,1,0,0,1,0,0
TAWSIF,9.0,17.0,0,1,1,0,0,0,0,0,0,0,0,0,0,0,0,0,0,0,0,0,0,0,0,0,0,0,0,0,0,0,0,0,0,0,0,0,1,1,4,0,0,2,8,0,0,0,0.0,2.0,1,1.0,1,0,0,1,0,0
TAWSIF,9.0,17.0,0,1,1,0,0,0,0,0,0,0,0,0,0,0,0,0,0,0,0,0,0,0,0,0,0,0,0,0,0,0,0,0,0,0,0,0,1,1,4,0,0,2,8,0,0,0,0.0,2.0,1,1.0,1,0,0,1,0,0
TAWSIF,9.0,17.0,0,0,0,0,0,0,0,0,0,0,0,0,0,0,0,0,0,0,0,0,0,0,0,0,0,0,0,0,0,0,0,0,0,0,0,0,1,1,4,0,0,2,8,0,0,0,0.0,2.0,1,1.0,1,0,0,1,0,0
TAWSIF,9.0,17.0,1,0,0,0,0,0,0,0,0,0,0,0,0,0,0,0,0,0,0,0,0,0,0,0,0,0,0,0,0,0,0,0,0,0,0,0,1,1,4,0,0,2,8,0,0,0,0.0,2.0,1,1.0,1,0,0,1,0,0
TAWSIF,9.0,17.0,1,1,0,0,0,0,0,0,0,0,0,0,0,0,0,0,0,0,0,0,0,0,0,0,0,0,0,0,0,0,0,0,0,0,0,0,1,1,4,0,0,2,8,0,0,0,0.0,2.0,1,1.0,1,0,0,1,0,0
TAWSIF,9.0,17.0,0,1,1,0,0,0,0,0,0,0,0,0,0,0,0,0,0,0,0,0,0,0,0,0,0,0,0,0,0,0,0,0,0,0,0,0,1,1,4,0,0,2,8,0,0,0,0.0,2.0,1,1.0,1,0,0,1,0,0
TAWSIF,9.0,17.0,0,1,2,0,0,0,0,0,0,0,0,0,0,0,0,0,0,0,0,0,0,0,0,0,0,0,0,0,0,0,0,0,0,0,0,0,1,1,4,0,0,2,8,0,0,0,0.0,2.0,1,1.0,1,0,0,1,0,0
TAWSIF,9.0,17.0,0,1,1,0,0,0,0,0,0,0,0,0,0,0,0,0,0,0,0,0,0,0,0,0,0,0,0,0,0,0,0,0,0,0,0,0,1,1,4,0,0,2,8,0,0,0,0.0,2.0,1,1.0,1,0,0,1,0,0
TAWSIF,9.0,17.0,0,0,0,0,0,0,0,0,0,0,0,0,0,0,0,0,0,0,0,0,0,0,0,0,0,0,0,0,0,0,0,0,0,0,0,0,1,1,4,0,0,2,8,0,0,0,0.0,2.0,1,1.0,1,0,0,1,0,0
TAWSIF,9.0,17.0,1,0,2,0,0,0,0,0,0,0,0,0,0,0,0,0,0,0,0,0,0,0,0,0,0,0,0,0,0,0,0,0,0,0,0,0,1,1,4,0,0,2,8,0,0,0,0.0,2.0,1,1.0,1,0,0,1,0,0
TAWSIF,9.0,17.0,1,1,0,0,0,0,0,0,0,0,0,0,0,0,0,0,0,0,0,0,0,0,0,0,0,0,0,0,0,0,0,0,0,0,0,0,1,1,4,0,0,2,8,0,0,0,0.0,2.0,1,1.0,1,0,0,1,0,0
TAWSIF,9.0,17.0,1,0,1,0,0,0,0,0,0,0,0,0,0,0,0,0,0,0,0,0,0,0,0,0,0,0,0,0,0,0,0,0,0,0,0,0,1,1,4,0,0,2,8,0,0,0,0.0,2.0,1,1.0,1,0,0,1,0,0
TAWSIF,9.0,17.0,1,1,1,0,0,0,0,0,0,0,0,0,0,0,0,0,0,0,0,0,0,0,0,0,0,0,0,0,0,0,0,0,0,0,0,0,1,1,4,0,0,2,8,0,0,0,0.0,2.0,1,1.0,1,0,0,1,0,0
TAWSIF,9.0,17.0,0,0,1,0,0,0,0,0,0,0,0,0,0,0,0,0,0,0,0,0,0,0,0,0,0,0,0,0,0,0,0,0,0,0,0,0,1,1,4,0,0,2,8,0,0,0,0.0,2.0,1,1.0,1,0,0,1,0,0
TAWSIF,9.0,17.0,0,1,0,0,0,0,0,0,0,0,0,0,0,0,0,0,0,0,0,0,0,0,0,0,0,0,0,0,0,0,0,0,0,0,0,0,1,1,4,0,0,2,8,0,0,0,0.0,2.0,1,1.0,1,0,0,1,0,0
TAWSIF,9.0,17.0,1,0,2,0,0,0,0,0,0,0,0,0,0,0,0,0,0,0,0,0,0,0,0,0,0,0,0,0,0,0,0,0,0,0,0,0,1,1,4,0,0,2,8,0,0,0,0.0,2.0,1,1.0,1,0,0,1,0,0
SYSTEM,9.0,17.0,0,1,1,0,0,0,0,0,0,0,0,0,0,0,0,0,0,0,0,0,0,0,0,0,0,0,0,0,0,0,0,0,0,0,0,0,1,1,4,0,0,2,8,0,0,0,0.0,2.0,1,1.0,1,0,0,1,0,0
SYSTEM,9.0,17.0,1,1,1,0,0,0,0,0,0,0,0,0,0,0,0,0,0,0,0,0,0,0,0,0,0,0,0,0,0,0,0,0,0,0,0,0,1,1,4,0,0,2,8,0,0,0,0.0,2.0,1,1.0,1,0,0,1,0,0
SYSTEM,9.0,17.0,0,1,0,0,0,0,0,0,0,0,0,0,0,0,0,0,0,0,0,0,0,0,0,0,0,0,0,0,0,0,0,0,0,0,0,0,1,1,4,0,0,2,8,0,0,0,0.0,2.0,1,1.0,1,0,0,1,0,0
SYSTEM,9.0,17.0,0,2,1,0,0,0,0,0,0,0,0,0,0,0,0,0,0,0,0,0,0,0,0,0,0,0,0,0,0,0,0,0,0,0,0,0,1,1,4,0,0,2,8,0,0,0,0.0,2.0,1,1.0,1,0,0,1,0,0
SYSTEM,9.0,17.0,0,0,1,0,0,0,0,0,0,0,0,0,0,0,0,0,0,0,0,0,0,0,0,0,0,0,0,0,0,0,0,0,0,0,0,0,1,1,4,0,0,2,8,0,0,0,0.0,2.0,1,1.0,1,0,0,1,0,0
SYSTEM,9.0,17.0,0,0,1,0,0,0,0,0,0,0,0,0,0,0,0,0,0,0,0,0,0,0,0,0,0,0,0,0,0,0,0,0,0,0,0,0,1,1,4,0,0,2,8,0,0,0,0.0,2.0,1,1.0,1,0,0,1,0,0
SYSTEM,9.0,17.0,1,1,2,0,0,0,0,0,0,0,0,0,0,0,0,0,0,0,0,0,0,0,0,0,0,0,0,0,0,0,0,0,0,0,0,0,1,1,4,0,0,2,8,0,0,0,0.0,2.0,1,1.0,1,0,0,1,0,0
SYSTEM,9.0,17.0,0,1,1,0,0,0,0,0,0,0,0,0,0,0,0,0,0,0,0,0,0,0,0,0,0,0,0,0,0,0,0,0,0,0,0,0,1,1,4,0,0,2,8,0,0,0,0.0,2.0,1,1.0,1,0,0,1,0,0
SYSTEM,9.0,17.0,0,0,0,0,0,0,0,0,0,0,0,0,0,0,0,0,0,0,0,0,0,0,0,0,0,0,0,0,0,0,0,0,0,0,0,0,1,1,4,0,0,2,8,0,0,0,0.0,2.0,1,1.0,1,0,0,1,0,0
SYSTEM,9.0,17.0,0,2,2,0,0,0,0,0,0,0,0,0,0,0,0,0,0,0,0,0,0,0,0,0,0,0,0,0,0,0,0,0,0,0,0,0,1,1,4,0,0,2,8,0,0,0,0.0,2.0,1,1.0,1,0,0,1,0,0
SYSTEM,9.0,17.0,1,1,0,0,0,0,0,0,0,0,0,0,0,0,0,0,0,0,0,0,0,0,0,0,0,0,0,0,0,0,0,0,0,0,0,0,1,1,4,0,0,2,8,0,0,0,0.0,2.0,1,1.0,1,0,0,1,0,0
SYSTEM,9.0,17.0,1,1,0,0,0,0,0,0,0,0,0,0,0,0,0,0,0,0,0,0,0,0,0,0,0,0,0,0,0,0,0,0,0,0,0,0,1,1,4,0,0,2,8,0,0,0,0.0,2.0,1,1.0,1,0,0,1,0,0
SYSTEM,9.0,17.0,0,1,0,0,0,0,0,0,0,0,0,0,0,0,0,0,0,0,0,0,0,0,0,0,0,0,0,0,0,0,0,0,0,0,0,0,1,1,4,0,0,2,8,0,0,0,0.0,2.0,1,1.0,1,0,0,1,0,0
SYSTEM,9.0,17.0,0,1,0,0,0,0,0,0,0,0,0,0,0,0,0,0,0,0,0,0,0,0,0,0,0,0,0,0,0,0,0,0,0,0,0,0,1,1,4,0,0,2,8,0,0,0,0.0,2.0,1,1.0,1,0,0,1,0,0
SYSTEM,9.0,17.0,1,0,1,0,0,0,0,0,0,0,0,0,0,0,0,0,0,0,0,0,0,0,0,0,0,0,0,0,0,0,0,0,0,0,0,0,1,1,4,0,0,2,8,0,0,0,0.0,2.0,1,1.0,1,0,0,1,0,0
SYSTEM,9.0,17.0,0,0,1,0,0,0,0,0,0,0,0,0,0,0,0,0,0,0,0,0,0,0,0,0,0,0,0,0,0,0,0,0,0,0,0,0,1,1,4,0,0,2,8,0,0,0,0.0,2.0,1,1.0,1,0,0,1,0,0
SYSTEM,9.0,17.0,0,1,0,0,0,0,0,0,0,0,0,0,0,0,0,0,0,0,0,0,0,0,0,0,0,0,0,0,0,0,0,0,0,0,0,0,1,1,4,0,0,2,8,0,0,0,0.0,2.0,1,1.0,1,0,0,1,0,0
SYSTEM,9.0,17.0,1,1,1,0,0,0,0,0,0,0,0,0,0,0,0,0,0,0,0,0,0,0,0,0,0,0,0,0,0,0,0,0,0,0,0,0,1,1,4,0,0,2,8,0,0,0,0.0,2.0,1,1.0,1,0,0,1,0,0
SYSTEM,9.0,17.0,0,1,0,0,0,0,0,0,0,0,0,0,0,0,0,0,0,0,0,0,0,0,0,0,0,0,0,0,0,0,0,0,0,0,0,0,1,1,4,0,0,2,8,0,0,0,0.0,2.0,1,1.0,1,0,0,1,0,0
SYSTEM,9.0,17.0,1,0,0,0,0,0,0,0,0,0,0,0,0,0,0,0,0,0,0,0,0,0,0,0,0,0,0,0,0,0,0,0,0,0,0,0,1,1,4,0,0,2,8,0,0,0,0.0,2.0,1,1.0,1,0,0,1,0,0
SYSTEM,9.0,17.0,1,1,1,0,0,0,0,0,0,0,0,0,0,0,0,0,0,0,0,0,0,0,0,0,0,0,0,0,0,0,0,0,0,0,0,0,1,1,4,0,0,2,8,0,0,0,0.0,2.0,1,1.0,1,0,0,1,0,0
SYSTEM,9.0,17.0,1,0,0,0,0,0,0,0,0,0,0,0,0,0,0,0,0,0,0,0,0,0,0,0,0,0,0,0,0,0,0,0,0,0,0,0,1,1,4,0,0,2,8,0,0,0,0.0,2.0,1,1.0,1,0,0,1,0,0
SYSTEM,9.0,17.0,0,0,1,0,0,0,0,0,0,0,0,0,0,0,0,0,0,0,0,0,0,0,0,0,0,0,0,0,0,0,0,0,0,0,0,0,1,1,4,0,0,2,8,0,0,0,0.0,2.0,1,1.0,1,0,0,1,0,0
SYSTEM,9.0,17.0,1,0,0,0,0,0,0,0,0,0,0,0,0,0,0,0,0,0,0,0,0,0,0,0,0,0,0,0,0,0,0,0,0,0,0,0,1,1,4,0,0,2,8,0,0,0,0.0,2.0,1,1.0,1,0,0,1,0,0
SYSTEM,9.0,17.0,0,2,1,0,0,0,0,0,0,0,0,0,0,0,0,0,0,0,0,0,0,0,0,0,0,0,0,0,0,0,0,0,0,0,0,0,1,1,4,0,0,2,8,0,0,0,0.0,2.0,1,1.0,1,0,0,1,0,0
SYSTEM,9.0,17.0,0,1,0,0,0,0,0,0,0,0,0,0,0,0,0,0,0,0,0,0,0,0,0,0,0,0,0,0,0,0,0,0,0,0,0,0,1,1,4,0,0,2,8,0,0,0,0.0,2.0,1,1.0,1,0,0,1,0,0
SYSTEM,9.0,17.0,0,1,1,0,0,0,0,0,0,0,0,0,0,0,0,0,0,0,0,0,0,0,0,0,0,0,0,0,0,0,0,0,0,0,0,0,1,1,4,0,0,2,8,0,0,0,0.0,2.0,1,1.0,1,0,0,1,0,0
SYSTEM,9.0,17.0,1,1,0,0,0,0,0,0,0,0,0,0,0,0,0,0,0,0,0,0,0,0,0,0,0,0,0,0,0,0,0,0,0,0,0,0,1,1,4,0,0,2,8,0,0,0,0.0,2.0,1,1.0,1,0,0,1,0,0
SYSTEM,9.0,17.0,0,2,1,0,0,0,0,0,0,0,0,0,0,0,0,0,0,0,0,0,0,0,0,0,0,0,0,0,0,0,0,0,0,0,0,0,1,1,4,0,0,2,8,0,0,0,0.0,2.0,1,1.0,1,0,0,1,0,0
SYSTEM,9.0,17.0,1,1,2,0,0,0,0,0,0,0,0,0,0,0,0,0,0,0,0,0,0,0,0,0,0,0,0,0,0,0,0,0,0,0,0,0,1,1,4,0,0,2,8,0,0,0,0.0,2.0,1,1.0,1,0,0,1,0,0
SYSTEM,9.0,17.0,0,0,1,0,0,0,0,0,0,0,0,0,0,0,0,0,0,0,0,0,0,0,0,0,0,0,0,0,0,0,0,0,0,0,0,0,1,1,4,0,0,2,8,0,0,0,0.0,2.0,1,1.0,1,0,0,1,0,0
SYSTEM,9.0,17.0,0,1,1,0,0,0,0,0,0,0,0,0,0,0,0,0,0,0,0,0,0,0,0,0,0,0,0,0,0,0,0,0,0,0,0,0,1,1,4,0,0,2,8,0,0,0,0.0,2.0,1,1.0,1,0,0,1,0,0
SYSTEM,9.0,17.0,0,0,1,0,0,0,0,0,0,0,0,0,0,0,0,0,0,0,0,0,0,0,0,0,0,0,0,0,0,0,0,0,0,0,0,0,1,1,4,0,0,2,8,0,0,0,0.0,2.0,1,1.0,1,0,0,1,0,0
SYSTEM,9.0,17.0,0,1,1,0,0,0,0,0,0,0,0,0,0,0,0,0,0,0,0,0,0,0,0,0,0,0,0,0,0,0,0,0,0,0,0,0,1,1,4,0,0,2,8,0,0,0,0.0,2.0,1,1.0,1,0,0,1,0,0
SYSTEM,9.0,17.0,1,0,1,0,0,0,0,0,0,0,0,0,0,0,0,0,0,0,0,0,0,0,0,0,0,0,0,0,0,0,0,0,0,0,0,0,1,1,4,0,0,2,8,0,0,0,0.0,2.0,1,1.0,1,0,0,1,0,0
SYSTEM,9.0,17.0,0,1,0,0,0,0,0,0,0,0,0,0,0,0,0,0,0,0,0,0,0,0,0,0,0,0,0,0,0,0,0,0,0,0,0,0,1,1,4,0,0,2,8,0,0,0,0.0,2.0,1,1.0,1,0,0,1,0,0
SYSTEM,9.0,17.0,0,2,2,0,0,0,0,0,0,0,0,0,0,0,0,0,0,0,0,0,0,0,0,0,0,0,0,0,0,0,0,0,0,0,0,0,1,1,4,0,0,2,8,0,0,0,0.0,2.0,1,1.0,1,0,0,1,0,0
SYSTEM,9.0,17.0,0,1,0,0,0,0,0,0,0,0,0,0,0,0,0,0,0,0,0,0,0,0,0,0,0,0,0,0,0,0,0,0,0,0,0,0,1,1,4,0,0,2,8,0,0,0,0.0,2.0,1,1.0,1,0,0,1,0,0
SYSTEM,9.0,17.0,0,1,2,0,0,0,0,0,0,0,0,0,0,0,0,0,0,0,0,0,0,0,0,0,0,0,0,0,0,0,0,0,0,0,0,0,1,1,4,0,0,2,8,0,0,0,0.0,2.0,1,1.0,1,0,0,1,0,0
SYSTEM,9.0,17.0,0,0,0,0,0,0,0,0,0,0,0,0,0,0,0,0,0,0,0,0,0,0,0,0,0,0,0,0,0,0,0,0,0,0,0,0,1,1,4,0,0,2,8,0,0,0,0.0,2.0,1,1.0,1,0,0,1,0,0
SYSTEM,9.0,17.0,1,2,0,0,0,0,0,0,0,0,0,0,0,0,0,0,0,0,0,0,0,0,0,0,0,0,0,0,0,0,0,0,0,0,0,0,1,1,4,0,0,2,8,0,0,0,0.0,2.0,1,1.0,1,0,0,1,0,0
SYSTEM,9.0,17.0,0,2,1,0,0,0,0,0,0,0,0,0,0,0,0,0,0,0,0,0,0,0,0,0,0,0,0,0,0,0,0,0,0,0,0,0,1,1,4,0,0,2,8,0,0,0,0.0,2.0,1,1.0,1,0,0,1,0,0
SYSTEM,9.0,17.0,0,0,0,0,0,0,0,0,0,0,0,0,0,0,0,0,0,0,0,0,0,0,0,0,0,0,0,0,0,0,0,0,0,0,0,0,1,1,4,0,0,2,8,0,0,0,0.0,2.0,1,1.0,1,0,0,1,0,0
SYSTEM,9.0,17.0,1,0,1,0,0,0,0,0,0,0,0,0,0,0,0,0,0,0,0,0,0,0,0,0,0,0,0,0,0,0,0,0,0,0,0,0,1,1,4,0,0,2,8,0,0,0,0.0,2.0,1,1.0,1,0,0,1,0,0
SYSTEM,9.0,17.0,0,1,2,0,0,0,0,0,0,0,0,0,0,0,0,0,0,0,0,0,0,0,0,0,0,0,0,0,0,0,0,0,0,0,0,0,1,1,4,0,0,2,8,0,0,0,0.0,2.0,1,1.0,1,0,0,1,0,0
SYSTEM,9.0,17.0,1,0,1,0,0,0,0,0,0,0,0,0,0,0,0,0,0,0,0,0,0,0,0,0,0,0,0,0,0,0,0,0,0,0,0,0,1,1,4,0,0,2,8,0,0,0,0.0,2.0,1,1.0,1,0,0,1,0,0
SYSTEM,9.0,17.0,0,1,1,0,0,0,0,0,0,0,0,0,0,0,0,0,0,0,0,0,0,0,0,0,0,0,0,0,0,0,0,0,0,0,0,0,1,1,4,0,0,2,8,0,0,0,0.0,2.0,1,1.0,1,0,0,1,0,0
SYSTEM,9.0,17.0,0,2,1,0,0,0,0,0,0,0,0,0,0,0,0,0,0,0,0,0,0,0,0,0,0,0,0,0,0,0,0,0,0,0,0,0,1,1,4,0,0,2,8,0,0,0,0.0,2.0,1,1.0,1,0,0,1,0,0
SYSTEM,9.0,17.0,0,2,2,0,0,0,0,0,0,0,0,0,0,0,0,0,0,0,0,0,0,0,0,0,0,0,0,0,0,0,0,0,0,0,0,0,1,1,4,0,0,2,8,0,0,0,0.0,2.0,1,1.0,1,0,0,1,0,0
SYSTEM,9.0,17.0,0,0,0,0,0,0,0,0,0,0,0,0,0,0,0,0,0,0,0,0,0,0,0,0,0,0,0,0,0,0,0,0,0,0,0,0,1,1,4,0,0,2,8,0,0,0,0.0,2.0,1,1.0,1,0,0,1,0,0
SYSTEM,9.0,17.0,0,0,1,0,0,0,0,0,0,0,0,0,0,0,0,0,0,0,0,0,0,0,0,0,0,0,0,0,0,0,0,0,0,0,0,0,1,1,4,0,0,2,8,0,0,0,0.0,2.0,1,1.0,1,0,0,1,0,0
SYSTEM,9.0,17.0,0,1,1,0,0,0,0,0,0,0,0,0,0,0,0,0,0,0,0,0,0,0,0,0,0,0,0,0,0,0,0,0,0,0,0,0,1,1,4,0,0,2,8,0,0,0,0.0,2.0,1,1.0,1,0,0,1,0,0
SYSTEM,9.0,17.0,0,1,0,0,0,0,0,0,0,0,0,0,0,0,0,0,0,0,0,0,0,0,0,0,0,0,0,0,0,0,0,0,0,0,0,0,1,1,4,0,0,2,8,0,0,0,0.0,2.0,1,1.0,1,0,0,1,0,0
SYSTEM,9.0,17.0,1,1,1,0,0,0,0,0,0,0,0,0,0,0,0,0,0,0,0,0,0,0,0,0,0,0,0,0,0,0,0,0,0,0,0,0,1,1,4,0,0,2,8,0,0,0,0.0,2.0,1,1.0,1,0,0,1,0,0
SYSTEM,9.0,17.0,0,1,1,0,0,0,0,0,0,0,0,0,0,0,0,0,0,0,0,0,0,0,0,0,0,0,0,0,0,0,0,0,0,0,0,0,1,1,4,0,0,2,8,0,0,0,0.0,2.0,1,1.0,1,0,0,1,0,0
SYSTEM,9.0,17.0,0,0,1,0,0,0,0,0,0,0,0,0,0,0,0,0,0,0,0,0,0,0,0,0,0,0,0,0,0,0,0,0,0,0,0,0,1,1,4,0,0,2,8,0,0,0,0.0,2.0,1,1.0,1,0,0,1,0,0
SYSTEM,9.0,17.0,1,1,0,0,0,0,0,0,0,0,0,0,0,0,0,0,0,0,0,0,0,0,0,0,0,0,0,0,0,0,0,0,0,0,0,0,1,1,4,0,0,2,8,0,0,0,0.0,2.0,1,1.0,1,0,0,1,0,0
SYSTEM,9.0,17.0,0,0,0,0,0,0,0,0,0,0,0,0,0,0,0,0,0,0,0,0,0,0,0,0,0,0,0,0,0,0,0,0,0,0,0,0,1,1,4,0,0,2,8,0,0,0,0.0,2.0,1,1.0,1,0,0,1,0,0
SYSTEM,9.0,17.0,0,1,1,0,0,0,0,0,0,0,0,0,0,0,0,0,0,0,0,0,0,0,0,0,0,0,0,0,0,0,0,0,0,0,0,0,1,1,4,0,0,2,8,0,0,0,0.0,2.0,1,1.0,1,0,0,1,0,0
SYSTEM,9.0,17.0,1,2,1,0,0,0,0,0,0,0,0,0,0,0,0,0,0,0,0,0,0,0,0,0,0,0,0,0,0,0,0,0,0,0,0,0,1,1,4,0,0,2,8,0,0,0,0.0,2.0,1,1.0,1,0,0,1,0,0
SYSTEM,9.0,17.0,1,1,1,0,0,0,0,0,0,0,0,0,0,0,0,0,0,0,0,0,0,0,0,0,0,0,0,0,0,0,0,0,0,0,0,0,1,1,4,0,0,2,8,0,0,0,0.0,2.0,1,1.0,1,0,0,1,0,0
SYSTEM,9.0,17.0,1,1,0,0,0,0,0,0,0,0,0,0,0,0,0,0,0,0,0,0,0,0,0,0,0,0,0,0,0,0,0,0,0,0,0,0,1,1,4,0,0,2,8,0,0,0,0.0,2.0,1,1.0,1,0,0,1,0,0
SYSTEM,9.0,17.0,0,1,1,0,0,0,0,0,0,0,0,0,0,0,0,0,0,0,0,0,0,0,0,0,0,0,0,0,0,0,0,0,0,0,0,0,1,1,4,0,0,2,8,0,0,0,0.0,2.0,1,1.0,1,0,0,1,0,0
SYSTEM,9.0,17.0,1,1,1,0,0,0,0,0,0,0,0,0,0,0,0,0,0,0,0,0,0,0,0,0,0,0,0,0,0,0,0,0,0,0,0,0,1,1,4,0,0,2,8,0,0,0,0.0,2.0,1,1.0,1,0,0,1,0,0
SYSTEM,9.0,17.0,0,1,1,0,0,0,0,0,0,0,0,0,0,0,0,0,0,0,0,0,0,0,0,0,0,0,0,0,0,0,0,0,0,0,0,0,1,1,4,0,0,2,8,0,0,0,0.0,2.0,1,1.0,1,0,0,1,0,0
SYSTEM,9.0,17.0,0,0,0,0,0,0,0,0,0,0,0,0,0,0,0,0,0,0,0,0,0,0,0,0,0,0,0,0,0,0,0,0,0,0,0,0,1,1,4,0,0,2,8,0,0,0,0.0,2.0,1,1.0,1,0,0,1,0,0
SYSTEM,9.0,17.0,0,0,1,0,0,0,0,0,0,0,0,0,0,0,0,0,0,0,0,0,0,0,0,0,0,0,0,0,0,0,0,0,0,0,0,0,1,1,4,0,0,2,8,0,0,0,0.0,2.0,1,1.0,1,0,0,1,0,0
SYSTEM,9.0,17.0,1,0,2,0,0,0,0,0,0,0,0,0,0,0,0,0,0,0,0,0,0,0,0,0,0,0,0,0,0,0,0,0,0,0,0,0,1,1,4,0,0,2,8,0,0,0,0.0,2.0,1,1.0,1,0,0,1,0,0
SYSTEM,9.0,17.0,0,1,1,0,0,0,0,0,0,0,0,0,0,0,0,0,0,0,0,0,0,0,0,0,0,0,0,0,0,0,0,0,0,0,0,0,1,1,4,0,0,2,8,0,0,0,0.0,2.0,1,1.0,1,0,0,1,0,0
SYSTEM,9.0,17.0,1,0,0,0,0,0,0,0,0,0,0,0,0,0,0,0,0,0,0,0,0,0,0,0,0,0,0,0,0,0,0,0,0,0,0,0,1,1,4,0,0,2,8,0,0,0,0.0,2.0,1,1.0,1,0,0,1,0,0
SYSTEM,9.0,17.0,0,1,0,0,0,0,0,0,0,0,0,0,0,0,0,0,0,0,0,0,0,0,0,0,0,0,0,0,0,0,0,0,0,0,0,0,1,1,4,0,0,2,8,0,0,0,0.0,2.0,1,1.0,1,0,0,1,0,0
SYSTEM,9.0,17.0,0,0,2,0,0,0,0,0,0,0,0,0,0,0,0,0,0,0,0,0,0,0,0,0,0,0,0,0,0,0,0,0,0,0,0,0,1,1,4,0,0,2,8,0,0,0,0.0,2.0,1,1.0,1,0,0,1,0,0
SYSTEM,9.0,17.0,0,0,0,0,0,0,0,0,0,0,0,0,0,0,0,0,0,0,0,0,0,0,0,0,0,0,0,0,0,0,0,0,0,0,0,0,1,1,4,0,0,2,8,0,0,0,0.0,2.0,1,1.0,1,0,0,1,0,0
SYSTEM,9.0,17.0,0,0,1,0,0,0,0,0,0,0,0,0,0,0,0,0,0,0,0,0,0,0,0,0,0,0,0,0,0,0,0,0,0,0,0,0,1,1,4,0,0,2,8,0,0,0,0.0,2.0,1,1.0,1,0,0,1,0,0
SYSTEM,9.0,17.0,0,1,1,0,0,0,0,0,0,0,0,0,0,0,0,0,0,0,0,0,0,0,0,0,0,0,0,0,0,0,0,0,0,0,0,0,1,1,4,0,0,2,8,0,0,0,0.0,2.0,1,1.0,1,0,0,1,0,0
SYSTEM,9.0,17.0,0,0,1,0,0,0,0,0,0,0,0,0,0,0,0,0,0,0,0,0,0,0,0,0,0,0,0,0,0,0,0,0,0,0,0,0,1,1,4,0,0,2,8,0,0,0,0.0,2.0,1,1.0,1,0,0,1,0,0
SYSTEM,9.0,17.0,0,1,0,0,0,0,0,0,0,0,0,0,0,0,0,0,0,0,0,0,0,0,0,0,0,0,0,0,0,0,0,0,0,0,0,0,1,1,4,0,0,2,8,0,0,0,0.0,2.0,1,1.0,1,0,0,1,0,0
SYSTEM,9.0,17.0,1,1,1,0,0,0,0,0,0,0,0,0,0,0,0,0,0,0,0,0,0,0,0,0,0,0,0,0,0,0,0,0,0,0,0,0,1,1,4,0,0,2,8,0,0,0,0.0,2.0,1,1.0,1,0,0,1,0,0
SYSTEM,9.0,17.0,0,1,0,0,0,0,0,0,0,0,0,0,0,0,0,0,0,0,0,0,0,0,0,0,0,0,0,0,0,0,0,0,0,0,0,0,1,1,4,0,0,2,8,0,0,0,0.0,2.0,1,1.0,1,0,0,1,0,0
SYSTEM,9.0,17.0,0,1,1,0,0,0,0,0,0,0,0,0,0,0,0,0,0,0,0,0,0,0,0,0,0,0,0,0,0,0,0,0,0,0,0,0,1,1,4,0,0,2,8,0,0,0,0.0,2.0,1,1.0,1,0,0,1,0,0
SYSTEM,9.0,17.0,0,0,1,0,0,0,0,0,0,0,0,0,0,0,0,0,0,0,0,0,0,0,0,0,0,0,0,0,0,0,0,0,0,0,0,0,1,1,4,0,0,2,8,0,0,0,0.0,2.0,1,1.0,1,0,0,1,0,0
SYSTEM,9.0,17.0,0,2,1,0,0,0,0,0,0,0,0,0,0,0,0,0,0,0,0,0,0,0,0,0,0,0,0,0,0,0,0,0,0,0,0,0,1,1,4,0,0,2,8,0,0,0,0.0,2.0,1,1.0,1,0,0,1,0,0
SYSTEM,9.0,17.0,0,1,1,0,0,0,0,0,0,0,0,0,0,0,0,0,0,0,0,0,0,0,0,0,0,0,0,0,0,0,0,0,0,0,0,0,1,1,4,0,0,2,8,0,0,0,0.0,2.0,1,1.0,1,0,0,1,0,0
SYSTEM,9.0,17.0,1,1,1,0,0,0,0,0,0,0,0,0,0,0,0,0,0,0,0,0,0,0,0,0,0,0,0,0,0,0,0,0,0,0,0,0,1,1,4,0,0,2,8,0,0,0,0.0,2.0,1,1.0,1,0,0,1,0,0
SYSTEM,9.0,17.0,1,1,0,0,0,0,0,0,0,0,0,0,0,0,0,0,0,0,0,0,0,0,0,0,0,0,0,0,0,0,0,0,0,0,0,0,1,1,4,0,0,2,8,0,0,0,0.0,2.0,1,1.0,1,0,0,1,0,0
SYSTEM,9.0,17.0,0,1,1,0,0,0,0,0,0,0,0,0,0,0,0,0,0,0,0,0,0,0,0,0,0,0,0,0,0,0,0,0,0,0,0,0,1,1,4,0,0,2,8,0,0,0,0.0,2.0,1,1.0,1,0,0,1,0,0
SYSTEM,9.0,17.0,1,0,1,0,0,0,0,0,0,0,0,0,0,0,0,0,0,0,0,0,0,0,0,0,0,0,0,0,0,0,0,0,0,0,0,0,1,1,4,0,0,2,8,0,0,0,0.0,2.0,1,1.0,1,0,0,1,0,0
SYSTEM,9.0,17.0,0,0,2,0,0,0,0,0,0,0,0,0,0,0,0,0,0,0,0,0,0,0,0,0,0,0,0,0,0,0,0,0,0,0,0,0,1,1,4,0,0,2,8,0,0,0,0.0,2.0,1,1.0,1,0,0,1,0,0
SYSTEM,9.0,17.0,0,0,1,0,0,0,0,0,0,0,0,0,0,0,0,0,0,0,0,0,0,0,0,0,0,0,0,0,0,0,0,0,0,0,0,0,1,1,4,0,0,2,8,0,0,0,0.0,2.0,1,1.0,1,0,0,1,0,0
SYSTEM,9.0,17.0,0,0,1,0,0,0,0,0,0,0,0,0,0,0,0,0,0,0,0,0,0,0,0,0,0,0,0,0,0,0,0,0,0,0,0,0,1,1,4,0,0,2,8,0,0,0,0.0,2.0,1,1.0,1,0,0,1,0,0
SYSTEM,9.0,17.0,0,2,0,0,0,0,0,0,0,0,0,0,0,0,0,0,0,0,0,0,0,0,0,0,0,0,0,0,0,0,0,0,0,0,0,0,1,1,4,0,0,2,8,0,0,0,0.0,2.0,1,1.0,1,0,0,1,0,0
SYSTEM,9.0,17.0,0,1,0,0,0,0,0,0,0,0,0,0,0,0,0,0,0,0,0,0,0,0,0,0,0,0,0,0,0,0,0,0,0,0,0,0,1,1,4,0,0,2,8,0,0,0,0.0,2.0,1,1.0,1,0,0,1,0,0
SYSTEM,9.0,17.0,0,1,1,0,0,0,0,0,0,0,0,0,0,0,0,0,0,0,0,0,0,0,0,0,0,0,0,0,0,0,0,0,0,0,0,0,1,1,4,0,0,2,8,0,0,0,0.0,2.0,1,1.0,1,0,0,1,0,0
SYSTEM,9.0,17.0,0,1,2,0,0,0,0,0,0,0,0,0,0,0,0,0,0,0,0,0,0,0,0,0,0,0,0,0,0,0,0,0,0,0,0,0,1,1,4,0,0,2,8,0,0,0,0.0,2.0,1,1.0,1,0,0,1,0,0
SYSTEM,9.0,17.0,0,0,2,0,0,0,0,0,0,0,0,0,0,0,0,0,0,0,0,0,0,0,0,0,0,0,0,0,0,0,0,0,0,0,0,0,1,1,4,0,0,2,8,0,0,0,0.0,2.0,1,1.0,1,0,0,1,0,0
SYSTEM,9.0,17.0,0,0,2,0,0,0,0,0,0,0,0,0,0,0,0,0,0,0,0,0,0,0,0,0,0,0,0,0,0,0,0,0,0,0,0,0,1,1,4,0,0,2,8,0,0,0,0.0,2.0,1,1.0,1,0,0,1,0,0
SYSTEM,9.0,17.0,0,0,0,0,0,0,0,0,0,0,0,0,0,0,0,0,0,0,0,0,0,0,0,0,0,0,0,0,0,0,0,0,0,0,0,0,1,1,4,0,0,2,8,0,0,0,0.0,2.0,1,1.0,1,0,0,1,0,0
SYSTEM,9.0,17.0,1,0,1,0,0,0,0,0,0,0,0,0,0,0,0,0,0,0,0,0,0,0,0,0,0,0,0,0,0,0,0,0,0,0,0,0,1,1,4,0,0,2,8,0,0,0,0.0,2.0,1,1.0,1,0,0,1,0,0
SYSTEM,9.0,17.0,0,2,0,0,0,0,0,0,0,0,0,0,0,0,0,0,0,0,0,0,0,0,0,0,0,0,0,0,0,0,0,0,0,0,0,0,1,1,4,0,0,2,8,0,0,0,0.0,2.0,1,1.0,1,0,0,1,0,0
SYSTEM,9.0,17.0,0,1,0,0,0,0,0,0,0,0,0,0,0,0,0,0,0,0,0,0,0,0,0,0,0,0,0,0,0,0,0,0,0,0,0,0,1,1,4,0,0,2,8,0,0,0,0.0,2.0,1,1.0,1,0,0,1,0,0
SYSTEM,9.0,17.0,0,0,1,0,0,0,0,0,0,0,0,0,0,0,0,0,0,0,0,0,0,0,0,0,0,0,0,0,0,0,0,0,0,0,0,0,1,1,4,0,0,2,8,0,0,0,0.0,2.0,1,1.0,1,0,0,1,0,0
SYSTEM,9.0,17.0,1,1,1,0,0,0,0,0,0,0,0,0,0,0,0,0,0,0,0,0,0,0,0,0,0,0,0,0,0,0,0,0,0,0,0,0,1,1,4,0,0,2,8,0,0,0,0.0,2.0,1,1.0,1,0,0,1,0,0
SYSTEM,9.0,17.0,0,1,1,0,0,0,0,0,0,0,0,0,0,0,0,0,0,0,0,0,0,0,0,0,0,0,0,0,0,0,0,0,0,0,0,0,1,1,4,0,0,2,8,0,0,0,0.0,2.0,1,1.0,1,0,0,1,0,0
SYSTEM,9.0,17.0,1,0,1,0,0,0,0,0,0,0,0,0,0,0,0,0,0,0,0,0,0,0,0,0,0,0,0,0,0,0,0,0,0,0,0,0,1,1,4,0,0,2,8,0,0,0,0.0,2.0,1,1.0,1,0,0,1,0,0
SYSTEM,9.0,17.0,0,1,0,0,0,0,0,0,0,0,0,0,0,0,0,0,0,0,0,0,0,0,0,0,0,0,0,0,0,0,0,0,0,0,0,0,1,1,4,0,0,2,8,0,0,0,0.0,2.0,1,1.0,1,0,0,1,0,0
SYSTEM,9.0,17.0,0,2,2,0,0,0,0,0,0,0,0,0,0,0,0,0,0,0,0,0,0,0,0,0,0,0,0,0,0,0,0,0,0,0,0,0,1,1,4,0,0,2,8,0,0,0,0.0,2.0,1,1.0,1,0,0,1,0,0
SYSTEM,9.0,17.0,0,0,1,0,0,0,0,0,0,0,0,0,0,0,0,0,0,0,0,0,0,0,0,0,0,0,0,0,0,0,0,0,0,0,0,0,1,1,4,0,0,2,8,0,0,0,0.0,2.0,1,1.0,1,0,0,1,0,0
SYSTEM,9.0,17.0,0,0,1,0,0,0,0,0,0,0,0,0,0,0,0,0,0,0,0,0,0,0,0,0,0,0,0,0,0,0,0,0,0,0,0,0,1,1,4,0,0,2,8,0,0,0,0.0,2.0,1,1.0,1,0,0,1,0,0
SYSTEM,9.0,17.0,0,1,1,0,0,0,0,0,0,0,0,0,0,0,0,0,0,0,0,0,0,0,0,0,0,0,0,0,0,0,0,0,0,0,0,0,1,1,4,0,0,2,8,0,0,0,0.0,2.0,1,1.0,1,0,0,1,0,0
SYSTEM,9.0,17.0,0,1,2,0,0,0,0,0,0,0,0,0,0,0,0,0,0,0,0,0,0,0,0,0,0,0,0,0,0,0,0,0,0,0,0,0,1,1,4,0,0,2,8,0,0,0,0.0,2.0,1,1.0,1,0,0,1,0,0
SYSTEM,9.0,17.0,0,1,1,0,0,0,0,0,0,0,0,0,0,0,0,0,0,0,0,0,0,0,0,0,0,0,0,0,0,0,0,0,0,0,0,0,1,1,4,0,0,2,8,0,0,0,0.0,2.0,1,1.0,1,0,0,1,0,0
SYSTEM,9.0,17.0,0,1,1,0,0,0,0,0,0,0,0,0,0,0,0,0,0,0,0,0,0,0,0,0,0,0,0,0,0,0,0,0,0,0,0,0,1,1,4,0,0,2,8,0,0,0,0.0,2.0,1,1.0,1,0,0,1,0,0
SYSTEM,9.0,17.0,0,0,0,0,0,0,0,0,0,0,0,0,0,0,0,0,0,0,0,0,0,0,0,0,0,0,0,0,0,0,0,0,0,0,0,0,1,1,4,0,0,2,8,0,0,0,0.0,2.0,1,1.0,1,0,0,1,0,0
SYSTEM,9.0,17.0,1,1,1,0,0,0,0,0,0,0,0,0,0,0,0,0,0,0,0,0,0,0,0,0,0,0,0,0,0,0,0,0,0,0,0,0,1,1,4,0,0,2,8,0,0,0,0.0,2.0,1,1.0,1,0,0,1,0,0
SYSTEM,9.0,17.0,0,0,0,0,0,0,0,0,0,0,0,0,0,0,0,0,0,0,0,0,0,0,0,0,0,0,0,0,0,0,0,0,0,0,0,0,1,1,4,0,0,2,8,0,0,0,0.0,2.0,1,1.0,1,0,0,1,0,0
SYSTEM,9.0,17.0,1,1,1,0,0,0,0,0,0,0,0,0,0,0,0,0,0,0,0,0,0,0,0,0,0,0,0,0,0,0,0,0,0,0,0,0,1,1,4,0,0,2,8,0,0,0,0.0,2.0,1,1.0,1,0,0,1,0,0
SYSTEM,9.0,17.0,1,0,0,0,0,0,0,0,0,0,0,0,0,0,0,0,0,0,0,0,0,0,0,0,0,0,0,0,0,0,0,0,0,0,0,0,1,1,4,0,0,2,8,0,0,0,0.0,2.0,1,1.0,1,0,0,1,0,0
SYSTEM,9.0,17.0,0,1,0,0,0,0,0,0,0,0,0,0,0,0,0,0,0,0,0,0,0,0,0,0,0,0,0,0,0,0,0,0,0,0,0,0,1,1,4,0,0,2,8,0,0,0,0.0,2.0,1,1.0,1,0,0,1,0,0
SYSTEM,9.0,17.0,0,1,1,0,0,0,0,0,0,0,0,0,0,0,0,0,0,0,0,0,0,0,0,0,0,0,0,0,0,0,0,0,0,0,0,0,1,1,4,0,0,2,8,0,0,0,0.0,2.0,1,1.0,1,0,0,1,0,0
SYSTEM,9.0,17.0,0,1,0,0,0,0,0,0,0,0,0,0,0,0,0,0,0,0,0,0,0,0,0,0,0,0,0,0,0,0,0,0,0,0,0,0,1,1,4,0,0,2,8,0,0,0,0.0,2.0,1,1.0,1,0,0,1,0,0
SYSTEM,9.0,17.0,1,1,0,0,0,0,0,0,0,0,0,0,0,0,0,0,0,0,0,0,0,0,0,0,0,0,0,0,0,0,0,0,0,0,0,0,1,1,4,0,0,2,8,0,0,0,0.0,2.0,1,1.0,1,0,0,1,0,0
DESKTOP-R5AI7OF$,0,0,0,33,0,0,0,0,0,0,0,0,0,0,0,0,0,0,0,0,0,0,0,0,0,0,0,0,0,0,0,0,0,0,0,0,0,0,0,0,33,0,0,1,0,0,0,0,0.0,33.0,15,0.0,0,0,0,0,0,0
DESKTOP-R5AI7OF$,0,0,1,13,0,0,0,0,0,0,0,0,0,0,0,0,0,0,0,0,0,0,0,0,0,0,0,0,0,0,0,0,0,0,0,0,0,0,0,0,33,0,0,1,0,0,0,0,0.0,33.0,15,0.0,0,0,0,0,0,0
DESKTOP-R5AI7OF$,0,0,1,10,0,0,0,0,0,0,0,0,0,0,0,0,0,0,0,0,0,0,0,0,0,0,0,0,0,0,0,0,0,0,0,0,0,0,0,0,33,0,0,1,0,0,0,0,0.0,33.0,15,0.0,0,0,0,0,0,0
DESKTOP-R5AI7OF$,0,0,0,23,0,0,0,0,0,0,0,0,0,0,0,0,0,0,0,0,0,0,0,0,0,0,0,0,0,0,0,0,0,0,0,0,0,0,0,0,33,0,0,1,0,0,0,0,0.0,33.0,15,0.0,0,0,0,0,0,0
DESKTOP-R5AI7OF$,0,0,0,62,0,0,0,0,0,0,0,0,0,0,0,0,0,0,0,0,0,0,0,0,0,0,0,0,0,0,0,0,0,0,0,0,0,0,0,0,33,0,0,1,0,0,0,0,0.0,33.0,15,0.0,0,0,0,0,0,0
DESKTOP-R5AI7OF$,0,0,0,31,0,0,0,0,0,0,0,0,0,0,0,0,0,0,0,0,0,0,0,0,0,0,0,0,0,0,0,0,0,0,0,0,0,0,0,0,33,0,0,1,0,0,0,0,0.0,33.0,15,0.0,0,0,0,0,0,0
DESKTOP-R5AI7OF$,0,0,1,10,0,0,0,0,0,0,0,0,0,0,0,0,0,0,0,0,0,0,0,0,0,0,0,0,0,0,0,0,0,0,0,0,0,0,0,0,33,0,0,1,0,0,0,0,0.0,33.0,15,0.0,0,0,0,0,0,0
DESKTOP-R5AI7OF$,0,0,0,27,0,0,0,0,0,0,0,0,0,0,0,0,0,0,0,0,0,0,0,0,0,0,0,0,0,0,0,0,0,0,0,0,0,0,0,0,33,0,0,1,0,0,0,0,0.0,33.0,15,0.0,0,0,0,0,0,0
DESKTOP-R5AI7OF$,0,0,0,41,0,0,0,0,0,0,0,0,0,0,0,0,0,0,0,0,0,0,0,0,0,0,0,0,0,0,0,0,0,0,0,0,0,0,0,0,33,0,0,1,0,0,0,0,0.0,33.0,15,0.0,0,0,0,0,0,0
DESKTOP-R5AI7OF$,0,0,0,17,0,0,0,0,0,0,0,0,0,0,0,0,0,0,0,0,0,0,0,0,0,0,0,0,0,0,0,0,0,0,0,0,0,0,0,0,33,0,0,1,0,0,0,0,0.0,33.0,15,0.0,0,0,0,0,0,0
DESKTOP-R5AI7OF$,0,0,0,71,0,0,0,0,0,0,0,0,0,0,0,0,0,0,0,0,0,0,0,0,0,0,0,0,0,0,0,0,0,0,0,0,0,0,0,0,33,0,0,1,0,0,0,0,0.0,33.0,15,0.0,0,0,0,0,0,0
DESKTOP-R5AI7OF$,0,0,0,17,0,0,0,0,0,0,0,0,0,0,0,0,0,0,0,0,0,0,0,0,0,0,0,0,0,0,0,0,0,0,0,0,0,0,0,0,33,0,0,1,0,0,0,0,0.0,33.0,15,0.0,0,0,0,0,0,0
DESKTOP-R5AI7OF$,0,0,1,57,0,0,0,0,0,0,0,0,0,0,0,0,0,0,0,0,0,0,0,0,0,0,0,0,0,0,0,0,0,0,0,0,0,0,0,0,33,0,0,1,0,0,0,0,0.0,33.0,15,0.0,0,0,0,0,0,0
DESKTOP-R5AI7OF$,0,0,0,63,0,0,0,0,0,0,0,0,0,0,0,0,0,0,0,0,0,0,0,0,0,0,0,0,0,0,0,0,0,0,0,0,0,0,0,0,33,0,0,1,0,0,0,0,0.0,33.0,15,0.0,0,0,0,0,0,0
DESKTOP-R5AI7OF$,0,0,0,70,0,0,0,0,0,0,0,0,0,0,0,0,0,0,0,0,0,0,0,0,0,0,0,0,0,0,0,0,0,0,0,0,0,0,0,0,33,0,0,1,0,0,0,0,0.0,33.0,15,0.0,0,0,0,0,0,0
DESKTOP-R5AI7OF$,0,0,0,55,0,0,0,0,0,0,0,0,0,0,0,0,0,0,0,0,0,0,0,0,0,0,0,0,0,0,0,0,0,0,0,0,0,0,0,0,33,0,0,1,0,0,0,0,0.0,33.0,15,0.0,0,0,0,0,0,0
DESKTOP-R5AI7OF$,0,0,0,69,0,0,0,0,0,0,0,0,0,0,0,0,0,0,0,0,0,0,0,0,0,0,0,0,0,0,0,0,0,0,0,0,0,0,0,0,33,0,0,1,0,0,0,0,0.0,33.0,15,0.0,0,0,0,0,0,0
DESKTOP-R5AI7OF$,0,0,0,19,0,0,0,0,0,0,0,0,0,0,0,0,0,0,0,0,0,0,0,0,0,0,0,0,0,0,0,0,0,0,0,0,0,0,0,0,33,0,0,1,0,0,0,0,0.0,33.0,15,0.0,0,0,0,0,0,0
DESKTOP-R5AI7OF$,0,0,0,11,0,0,0,0,0,0,0,0,0,0,0,0,0,0,0,0,0,0,0,0,0,0,0,0,0,0,0,0,0,0,0,0,0,0,0,0,33,0,0,1,0,0,0,0,0.0,33.0,15,0.0,0,0,0,0,0,0
DESKTOP-R5AI7OF$,0,0,0,12,0,0,0,0,0,0,0,0,0,0,0,0,0,0,0,0,0,0,0,0,0,0,0,0,0,0,0,0,0,0,0,0,0,0,0,0,33,0,0,1,0,0,0,0,0.0,33.0,15,0.0,0,0,0,0,0,0
DESKTOP-R5AI7OF$,0,0,0,32,0,0,0,0,0,0,0,0,0,0,0,0,0,0,0,0,0,0,0,0,0,0,0,0,0,0,0,0,0,0,0,0,0,0,0,0,33,0,0,1,0,0,0,0,0.0,33.0,15,0.0,0,0,0,0,0,0
DESKTOP-R5AI7OF$,0,0,0,55,0,0,0,0,0,0,0,0,0,0,0,0,0,0,0,0,0,0,0,0,0,0,0,0,0,0,0,0,0,0,0,0,0,0,0,0,33,0,0,1,0,0,0,0,0.0,33.0,15,0.0,0,0,0,0,0,0
DESKTOP-R5AI7OF$,0,0,1,48,0,0,0,0,0,0,0,0,0,0,0,0,0,0,0,0,0,0,0,0,0,0,0,0,0,0,0,0,0,0,0,0,0,0,0,0,33,0,0,1,0,0,0,0,0.0,33.0,15,0.0,0,0,0,0,0,0
DESKTOP-R5AI7OF$,0,0,0,29,0,0,0,0,0,0,0,0,0,0,0,0,0,0,0,0,0,0,0,0,0,0,0,0,0,0,0,0,0,0,0,0,0,0,0,0,33,0,0,1,0,0,0,0,0.0,33.0,15,0.0,0,0,0,0,0,0
DESKTOP-R5AI7OF$,0,0,0,28,0,0,0,0,0,0,0,0,0,0,0,0,0,0,0,0,0,0,0,0,0,0,0,0,0,0,0,0,0,0,0,0,0,0,0,0,33,0,0,1,0,0,0,0,0.0,33.0,15,0.0,0,0,0,0,0,0
DESKTOP-R5AI7OF$,0,0,0,25,0,0,0,0,0,0,0,0,0,0,0,0,0,0,0,0,0,0,0,0,0,0,0,0,0,0,0,0,0,0,0,0,0,0,0,0,33,0,0,1,0,0,0,0,0.0,33.0,15,0.0,0,0,0,0,0,0
DESKTOP-R5AI7OF$,0,0,0,30,0,0,0,0,0,0,0,0,0,0,0,0,0,0,0,0,0,0,0,0,0,0,0,0,0,0,0,0,0,0,0,0,0,0,0,0,33,0,0,1,0,0,0,0,0.0,33.0,15,0.0,0,0,0,0,0,0
DESKTOP-R5AI7OF$,0,0,0,59,0,0,0,0,0,0,0,0,0,0,0,0,0,0,0,0,0,0,0,0,0,0,0,0,0,0,0,0,0,0,0,0,0,0,0,0,33,0,0,1,0,0,0,0,0.0,33.0,15,0.0,0,0,0,0,0,0
DESKTOP-R5AI7OF$,0,0,0,53,0,0,0,0,0,0,0,0,0,0,0,0,0,0,0,0,0,0,0,0,0,0,0,0,0,0,0,0,0,0,0,0,0,0,0,0,33,0,0,1,0,0,0,0,0.0,33.0,15,0.0,0,0,0,0,0,0
DESKTOP-R5AI7OF$,0,0,1,58,0,0,0,0,0,0,0,0,0,0,0,0,0,0,0,0,0,0,0,0,0,0,0,0,0,0,0,0,0,0,0,0,0,0,0,0,33,0,0,1,0,0,0,0,0.0,33.0,15,0.0,0,0,0,0,0,0
DESKTOP-R5AI7OF$,0,0,0,53,0,0,0,0,0,0,0,0,0,0,0,0,0,0,0,0,0,0,0,0,0,0,0,0,0,0,0,0,0,0,0,0,0,0,0,0,33,0,0,1,0,0,0,0,0.0,33.0,15,0.0,0,0,0,0,0,0
DESKTOP-R5AI7OF$,0,0,0,20,0,0,0,0,0,0,0,0,0,0,0,0,0,0,0,0,0,0,0,0,0,0,0,0,0,0,0,0,0,0,0,0,0,0,0,0,33,0,0,1,0,0,0,0,0.0,33.0,15,0.0,0,0,0,0,0,0
DESKTOP-R5AI7OF$,0,0,1,67,0,0,0,0,0,0,0,0,0,0,0,0,0,0,0,0,0,0,0,0,0,0,0,0,0,0,0,0,0,0,0,0,0,0,0,0,33,0,0,1,0,0,0,0,0.0,33.0,15,0.0,0,0,0,0,0,0
DESKTOP-R5AI7OF$,0,0,1,14,0,0,0,0,0,0,0,0,0,0,0,0,0,0,0,0,0,0,0,0,0,0,0,0,0,0,0,0,0,0,0,0,0,0,0,0,33,0,0,1,0,0,0,0,0.0,33.0,15,0.0,0,0,0,0,0,0
DESKTOP-R5AI7OF$,0,0,0,63,0,0,0,0,0,0,0,0,0,0,0,0,0,0,0,0,0,0,0,0,0,0,0,0,0,0,0,0,0,0,0,0,0,0,0,0,33,0,0,1,0,0,0,0,0.0,33.0,15,0.0,0,0,0,0,0,0
DESKTOP-R5AI7OF$,0,0,0,57,0,0,0,0,0,0,0,0,0,0,0,0,0,0,0,0,0,0,0,0,0,0,0,0,0,0,0,0,0,0,0,0,0,0,0,0,33,0,0,1,0,0,0,0,0.0,33.0,15,0.0,0,0,0,0,0,0
DESKTOP-R5AI7OF$,0,0,0,65,0,0,0,0,0,0,0,0,0,0,0,0,0,0,0,0,0,0,0,0,0,0,0,0,0,0,0,0,0,0,0,0,0,0,0,0,33,0,0,1,0,0,0,0,0.0,33.0,15,0.0,0,0,0,0,0,0
DESKTOP-R5AI7OF$,0,0,0,18,0,0,0,0,0,0,0,0,0,0,0,0,0,0,0,0,0,0,0,0,0,0,0,0,0,0,0,0,0,0,0,0,0,0,0,0,33,0,0,1,0,0,0,0,0.0,33.0,15,0.0,0,0,0,0,0,0
DESKTOP-R5AI7OF$,0,0,0,50,0,0,0,0,0,0,0,0,0,0,0,0,0,0,0,0,0,0,0,0,0,0,0,0,0,0,0,0,0,0,0,0,0,0,0,0,33,0,0,1,0,0,0,0,0.0,33.0,15,0.0,0,0,0,0,0,0
DESKTOP-R5AI7OF$,0,0,1,25,0,0,0,0,0,0,0,0,0,0,0,0,0,0,0,0,0,0,0,0,0,0,0,0,0,0,0,0,0,0,0,0,0,0,0,0,33,0,0,1,0,0,0,0,0.0,33.0,15,0.0,0,0,0,0,0,0
DESKTOP-R5AI7OF$,0,0,0,20,0,0,0,0,0,0,0,0,0,0,0,0,0,0,0,0,0,0,0,0,0,0,0,0,0,0,0,0,0,0,0,0,0,0,0,0,33,0,0,1,0,0,0,0,0.0,33.0,15,0.0,0,0,0,0,0,0
DESKTOP-R5AI7OF$,0,0,1,24,0,0,0,0,0,0,0,0,0,0,0,0,0,0,0,0,0,0,0,0,0,0,0,0,0,0,0,0,0,0,0,0,0,0,0,0,33,0,0,1,0,0,0,0,0.0,33.0,15,0.0,0,0,0,0,0,0
DESKTOP-R5AI7OF$,0,0,0,30,0,0,0,0,0,0,0,0,0,0,0,0,0,0,0,0,0,0,0,0,0,0,0,0,0,0,0,0,0,0,0,0,0,0,0,0,33,0,0,1,0,0,0,0,0.0,33.0,15,0.0,0,0,0,0,0,0
DESKTOP-R5AI7OF$,0,0,0,56,0,0,0,0,0,0,0,0,0,0,0,0,0,0,0,0,0,0,0,0,0,0,0,0,0,0,0,0,0,0,0,0,0,0,0,0,33,0,0,1,0,0,0,0,0.0,33.0,15,0.0,0,0,0,0,0,0
DESKTOP-R5AI7OF$,0,0,0,41,0,0,0,0,0,0,0,0,0,0,0,0,0,0,0,0,0,0,0,0,0,0,0,0,0,0,0,0,0,0,0,0,0,0,0,0,33,0,0,1,0,0,0,0,0.0,33.0,15,0.0,0,0,0,0,0,0
DESKTOP-R5AI7OF$,0,0,1,70,0,0,0,0,0,0,0,0,0,0,0,0,0,0,0,0,0,0,0,0,0,0,0,0,0,0,0,0,0,0,0,0,0,0,0,0,33,0,0,1,0,0,0,0,0.0,33.0,15,0.0,0,0,0,0,0,0
DESKTOP-R5AI7OF$,0,0,0,30,0,0,0,0,0,0,0,0,0,0,0,0,0,0,0,0,0,0,0,0,0,0,0,0,0,0,0,0,0,0,0,0,0,0,0,0,33,0,0,1,0,0,0,0,0.0,33.0,15,0.0,0,0,0,0,0,0
DESKTOP-R5AI7OF$,0,0,0,66,0,0,0,0,0,0,0,0,0,0,0,0,0,0,0,0,0,0,0,0,0,0,0,0,0,0,0,0,0,0,0,0,0,0,0,0,33,0,0,1,0,0,0,0,0.0,33.0,15,0.0,0,0,0,0,0,0
DESKTOP-R5AI7OF$,0,0,0,39,0,0,0,0,0,0,0,0,0,0,0,0,0,0,0,0,0,0,0,0,0,0,0,0,0,0,0,0,0,0,0,0,0,0,0,0,33,0,0,1,0,0,0,0,0.0,33.0,15,0.0,0,0,0,0,0,0
DESKTOP-R5AI7OF$,0,0,0,14,0,0,0,0,0,0,0,0,0,0,0,0,0,0,0,0,0,0,0,0,0,0,0,0,0,0,0,0,0,0,0,0,0,0,0,0,33,0,0,1,0,0,0,0,0.0,33.0,15,0.0,0,0,0,0,0,0
DESKTOP-R5AI7OF$,0,0,1,23,0,0,0,0,0,0,0,0,0,0,0,0,0,0,0,0,0,0,0,0,0,0,0,0,0,0,0,0,0,0,0,0,0,0,0,0,33,0,0,1,0,0,0,0,0.0,33.0,15,0.0,0,0,0,0,0,0
DESKTOP-R5AI7OF$,0,0,0,13,0,0,0,0,0,0,0,0,0,0,0,0,0,0,0,0,0,0,0,0,0,0,0,0,0,0,0,0,0,0,0,0,0,0,0,0,33,0,0,1,0,0,0,0,0.0,33.0,15,0.0,0,0,0,0,0,0
DESKTOP-R5AI7OF$,0,0,0,50,0,0,0,0,0,0,0,0,0,0,0,0,0,0,0,0,0,0,0,0,0,0,0,0,0,0,0,0,0,0,0,0,0,0,0,0,33,0,0,1,0,0,0,0,0.0,33.0,15,0.0,0,0,0,0,0,0
DESKTOP-R5AI7OF$,0,0,0,32,0,0,0,0,0,0,0,0,0,0,0,0,0,0,0,0,0,0,0,0,0,0,0,0,0,0,0,0,0,0,0,0,0,0,0,0,33,0,0,1,0,0,0,0,0.0,33.0,15,0.0,0,0,0,0,0,0
DESKTOP-R5AI7OF$,0,0,0,53,0,0,0,0,0,0,0,0,0,0,0,0,0,0,0,0,0,0,0,0,0,0,0,0,0,0,0,0,0,0,0,0,0,0,0,0,33,0,0,1,0,0,0,0,0.0,33.0,15,0.0,0,0,0,0,0,0
DESKTOP-R5AI7OF$,0,0,0,17,0,0,0,0,0,0,0,0,0,0,0,0,0,0,0,0,0,0,0,0,0,0,0,0,0,0,0,0,0,0,0,0,0,0,0,0,33,0,0,1,0,0,0,0,0.0,33.0,15,0.0,0,0,0,0,0,0
DESKTOP-R5AI7OF$,0,0,1,50,0,0,0,0,0,0,0,0,0,0,0,0,0,0,0,0,0,0,0,0,0,0,0,0,0,0,0,0,0,0,0,0,0,0,0,0,33,0,0,1,0,0,0,0,0.0,33.0,15,0.0,0,0,0,0,0,0
DESKTOP-R5AI7OF$,0,0,1,14,0,0,0,0,0,0,0,0,0,0,0,0,0,0,0,0,0,0,0,0,0,0,0,0,0,0,0,0,0,0,0,0,0,0,0,0,33,0,0,1,0,0,0,0,0.0,33.0,15,0.0,0,0,0,0,0,0
DESKTOP-R5AI7OF$,0,0,0,60,0,0,0,0,0,0,0,0,0,0,0,0,0,0,0,0,0,0,0,0,0,0,0,0,0,0,0,0,0,0,0,0,0,0,0,0,33,0,0,1,0,0,0,0,0.0,33.0,15,0.0,0,0,0,0,0,0
DESKTOP-R5AI7OF$,0,0,1,26,0,0,0,0,0,0,0,0,0,0,0,0,0,0,0,0,0,0,0,0,0,0,0,0,0,0,0,0,0,0,0,0,0,0,0,0,33,0,0,1,0,0,0,0,0.0,33.0,15,0.0,0,0,0,0,0,0
DESKTOP-R5AI7OF$,0,0,0,30,0,0,0,0,0,0,0,0,0,0,0,0,0,0,0,0,0,0,0,0,0,0,0,0,0,0,0,0,0,0,0,0,0,0,0,0,33,0,0,1,0,0,0,0,0.0,33.0,15,0.0,0,0,0,0,0,0
DESKTOP-R5AI7OF$,0,0,0,27,0,0,0,0,0,0,0,0,0,0,0,0,0,0,0,0,0,0,0,0,0,0,0,0,0,0,0,0,0,0,0,0,0,0,0,0,33,0,0,1,0,0,0,0,0.0,33.0,15,0.0,0,0,0,0,0,0
DESKTOP-R5AI7OF$,0,0,0,56,0,0,0,0,0,0,0,0,0,0,0,0,0,0,0,0,0,0,0,0,0,0,0,0,0,0,0,0,0,0,0,0,0,0,0,0,33,0,0,1,0,0,0,0,0.0,33.0,15,0.0,0,0,0,0,0,0
DESKTOP-R5AI7OF$,0,0,1,69,0,0,0,0,0,0,0,0,0,0,0,0,0,0,0,0,0,0,0,0,0,0,0,0,0,0,0,0,0,0,0,0,0,0,0,0,33,0,0,1,0,0,0,0,0.0,33.0,15,0.0,0,0,0,0,0,0
DESKTOP-R5AI7OF$,0,0,0,42,0,0,0,0,0,0,0,0,0,0,0,0,0,0,0,0,0,0,0,0,0,0,0,0,0,0,0,0,0,0,0,0,0,0,0,0,33,0,0,1,0,0,0,0,0.0,33.0,15,0.0,0,0,0,0,0,0
DESKTOP-R5AI7OF$,0,0,0,50,0,0,0,0,0,0,0,0,0,0,0,0,0,0,0,0,0,0,0,0,0,0,0,0,0,0,0,0,0,0,0,0,0,0,0,0,33,0,0,1,0,0,0,0,0.0,33.0,15,0.0,0,0,0,0,0,0
DESKTOP-R5AI7OF$,0,0,0,72,0,0,0,0,0,0,0,0,0,0,0,0,0,0,0,0,0,0,0,0,0,0,0,0,0,0,0,0,0,0,0,0,0,0,0,0,33,0,0,1,0,0,0,0,0.0,33.0,15,0.0,0,0,0,0,0,0
DESKTOP-R5AI7OF$,0,0,1,41,0,0,0,0,0,0,0,0,0,0,0,0,0,0,0,0,0,0,0,0,0,0,0,0,0,0,0,0,0,0,0,0,0,0,0,0,33,0,0,1,0,0,0,0,0.0,33.0,15,0.0,0,0,0,0,0,0
DESKTOP-R5AI7OF$,0,0,0,34,0,0,0,0,0,0,0,0,0,0,0,0,0,0,0,0,0,0,0,0,0,0,0,0,0,0,0,0,0,0,0,0,0,0,0,0,33,0,0,1,0,0,0,0,0.0,33.0,15,0.0,0,0,0,0,0,0
DESKTOP-R5AI7OF$,0,0,1,10,0,0,0,0,0,0,0,0,0,0,0,0,0,0,0,0,0,0,0,0,0,0,0,0,0,0,0,0,0,0,0,0,0,0,0,0,33,0,0,1,0,0,0,0,0.0,33.0,15,0.0,0,0,0,0,0,0
DESKTOP-R5AI7OF$,0,0,1,34,0,0,0,0,0,0,0,0,0,0,0,0,0,0,0,0,0,0,0,0,0,0,0,0,0,0,0,0,0,0,0,0,0,0,0,0,33,0,0,1,0,0,0,0,0.0,33.0,15,0.0,0,0,0,0,0,0
DESKTOP-R5AI7OF$,0,0,0,26,0,0,0,0,0,0,0,0,0,0,0,0,0,0,0,0,0,0,0,0,0,0,0,0,0,0,0,0,0,0,0,0,0,0,0,0,33,0,0,1,0,0,0,0,0.0,33.0,15,0.0,0,0,0,0,0,0
DESKTOP-R5AI7OF$,0,0,1,16,0,0,0,0,0,0,0,0,0,0,0,0,0,0,0,0,0,0,0,0,0,0,0,0,0,0,0,0,0,0,0,0,0,0,0,0,33,0,0,1,0,0,0,0,0.0,33.0,15,0.0,0,0,0,0,0,0
DESKTOP-R5AI7OF$,0,0,1,51,0,0,0,0,0,0,0,0,0,0,0,0,0,0,0,0,0,0,0,0,0,0,0,0,0,0,0,0,0,0,0,0,0,0,0,0,33,0,0,1,0,0,0,0,0.0,33.0,15,0.0,0,0,0,0,0,0
DESKTOP-R5AI7OF$,0,0,0,58,0,0,0,0,0,0,0,0,0,0,0,0,0,0,0,0,0,0,0,0,0,0,0,0,0,0,0,0,0,0,0,0,0,0,0,0,33,0,0,1,0,0,0,0,0.0,33.0,15,0.0,0,0,0,0,0,0
DESKTOP-R5AI7OF$,0,0,0,41,0,0,0,0,0,0,0,0,0,0,0,0,0,0,0,0,0,0,0,0,0,0,0,0,0,0,0,0,0,0,0,0,0,0,0,0,33,0,0,1,0,0,0,0,0.0,33.0,15,0.0,0,0,0,0,0,0
DESKTOP-R5AI7OF$,0,0,1,57,0,0,0,0,0,0,0,0,0,0,0,0,0,0,0,0,0,0,0,0,0,0,0,0,0,0,0,0,0,0,0,0,0,0,0,0,33,0,0,1,0,0,0,0,0.0,33.0,15,0.0,0,0,0,0,0,0
DESKTOP-R5AI7OF$,0,0,1,66,0,0,0,0,0,0,0,0,0,0,0,0,0,0,0,0,0,0,0,0,0,0,0,0,0,0,0,0,0,0,0,0,0,0,0,0,33,0,0,1,0,0,0,0,0.0,33.0,15,0.0,0,0,0,0,0,0
DESKTOP-R5AI7OF$,0,0,1,33,0,0,0,0,0,0,0,0,0,0,0,0,0,0,0,0,0,0,0,0,0,0,0,0,0,0,0,0,0,0,0,0,0,0,0,0,33,0,0,1,0,0,0,0,0.0,33.0,15,0.0,0,0,0,0,0,0
DESKTOP-R5AI7OF$,0,0,0,32,0,0,0,0,0,0,0,0,0,0,0,0,0,0,0,0,0,0,0,0,0,0,0,0,0,0,0,0,0,0,0,0,0,0,0,0,33,0,0,1,0,0,0,0,0.0,33.0,15,0.0,0,0,0,0,0,0
DESKTOP-R5AI7OF$,0,0,1,11,0,0,0,0,0,0,0,0,0,0,0,0,0,0,0,0,0,0,0,0,0,0,0,0,0,0,0,0,0,0,0,0,0,0,0,0,33,0,0,1,0,0,0,0,0.0,33.0,15,0.0,0,0,0,0,0,0
DESKTOP-R5AI7OF$,0,0,0,46,0,0,0,0,0,0,0,0,0,0,0,0,0,0,0,0,0,0,0,0,0,0,0,0,0,0,0,0,0,0,0,0,0,0,0,0,33,0,0,1,0,0,0,0,0.0,33.0,15,0.0,0,0,0,0,0,0
DESKTOP-R5AI7OF$,0,0,1,55,0,0,0,0,0,0,0,0,0,0,0,0,0,0,0,0,0,0,0,0,0,0,0,0,0,0,0,0,0,0,0,0,0,0,0,0,33,0,0,1,0,0,0,0,0.0,33.0,15,0.0,0,0,0,0,0,0
DESKTOP-R5AI7OF$,0,0,0,47,0,0,0,0,0,0,0,0,0,0,0,0,0,0,0,0,0,0,0,0,0,0,0,0,0,0,0,0,0,0,0,0,0,0,0,0,33,0,0,1,0,0,0,0,0.0,33.0,15,0.0,0,0,0,0,0,0
DESKTOP-R5AI7OF$,0,0,0,19,0,0,0,0,0,0,0,0,0,0,0,0,0,0,0,0,0,0,0,0,0,0,0,0,0,0,0,0,0,0,0,0,0,0,0,0,33,0,0,1,0,0,0,0,0.0,33.0,15,0.0,0,0,0,0,0,0
DESKTOP-R5AI7OF$,0,0,1,25,0,0,0,0,0,0,0,0,0,0,0,0,0,0,0,0,0,0,0,0,0,0,0,0,0,0,0,0,0,0,0,0,0,0,0,0,33,0,0,1,0,0,0,0,0.0,33.0,15,0.0,0,0,0,0,0,0
DESKTOP-R5AI7OF$,0,0,1,18,0,0,0,0,0,0,0,0,0,0,0,0,0,0,0,0,0,0,0,0,0,0,0,0,0,0,0,0,0,0,0,0,0,0,0,0,33,0,0,1,0,0,0,0,0.0,33.0,15,0.0,0,0,0,0,0,0
DESKTOP-R5AI7OF$,0,0,1,40,0,0,0,0,0,0,0,0,0,0,0,0,0,0,0,0,0,0,0,0,0,0,0,0,0,0,0,0,0,0,0,0,0,0,0,0,33,0,0,1,0,0,0,0,0.0,33.0,15,0.0,0,0,0,0,0,0
DESKTOP-R5AI7OF$,0,0,1,18,0,0,0,0,0,0,0,0,0,0,0,0,0,0,0,0,0,0,0,0,0,0,0,0,0,0,0,0,0,0,0,0,0,0,0,0,33,0,0,1,0,0,0,0,0.0,33.0,15,0.0,0,0,0,0,0,0
DESKTOP-R5AI7OF$,0,0,0,20,0,0,0,0,0,0,0,0,0,0,0,0,0,0,0,0,0,0,0,0,0,0,0,0,0,0,0,0,0,0,0,0,0,0,0,0,33,0,0,1,0,0,0,0,0.0,33.0,15,0.0,0,0,0,0,0,0
DESKTOP-R5AI7OF$,0,0,0,15,0,0,0,0,0,0,0,0,0,0,0,0,0,0,0,0,0,0,0,0,0,0,0,0,0,0,0,0,0,0,0,0,0,0,0,0,33,0,0,1,0,0,0,0,0.0,33.0,15,0.0,0,0,0,0,0,0
DESKTOP-R5AI7OF$,0,0,0,46,0,0,0,0,0,0,0,0,0,0,0,0,0,0,0,0,0,0,0,0,0,0,0,0,0,0,0,0,0,0,0,0,0,0,0,0,33,0,0,1,0,0,0,0,0.0,33.0,15,0.0,0,0,0,0,0,0
DESKTOP-R5AI7OF$,0,0,0,55,0,0,0,0,0,0,0,0,0,0,0,0,0,0,0,0,0,0,0,0,0,0,0,0,0,0,0,0,0,0,0,0,0,0,0,0,33,0,0,1,0,0,0,0,0.0,33.0,15,0.0,0,0,0,0,0,0
DESKTOP-R5AI7OF$,0,0,1,43,0,0,0,0,0,0,0,0,0,0,0,0,0,0,0,0,0,0,0,0,0,0,0,0,0,0,0,0,0,0,0,0,0,0,0,0,33,0,0,1,0,0,0,0,0.0,33.0,15,0.0,0,0,0,0,0,0
DESKTOP-R5AI7OF$,0,0,1,29,0,0,0,0,0,0,0,0,0,0,0,0,0,0,0,0,0,0,0,0,0,0,0,0,0,0,0,0,0,0,0,0,0,0,0,0,33,0,0,1,0,0,0,0,0.0,33.0,15,0.0,0,0,0,0,0,0
DESKTOP-R5AI7OF$,0,0,0,62,0,0,0,0,0,0,0,0,0,0,0,0,0,0,0,0,0,0,0,0,0,0,0,0,0,0,0,0,0,0,0,0,0,0,0,0,33,0,0,1,0,0,0,0,0.0,33.0,15,0.0,0,0,0,0,0,0
DESKTOP-R5AI7OF$,0,0,0,37,0,0,0,0,0,0,0,0,0,0,0,0,0,0,0,0,0,0,0,0,0,0,0,0,0,0,0,0,0,0,0,0,0,0,0,0,33,0,0,1,0,0,0,0,0.0,33.0,15,0.0,0,0,0,0,0,0
DESKTOP-R5AI7OF$,0,0,0,12,0,0,0,0,0,0,0,0,0,0,0,0,0,0,0,0,0,0,0,0,0,0,0,0,0,0,0,0,0,0,0,0,0,0,0,0,33,0,0,1,0,0,0,0,0.0,33.0,15,0.0,0,0,0,0,0,0
DESKTOP-R5AI7OF$,0,0,0,37,0,0,0,0,0,0,0,0,0,0,0,0,0,0,0,0,0,0,0,0,0,0,0,0,0,0,0,0,0,0,0,0,0,0,0,0,33,0,0,1,0,0,0,0,0.0,33.0,15,0.0,0,0,0,0,0,0
DESKTOP-R5AI7OF$,0,0,0,58,0,0,0,0,0,0,0,0,0,0,0,0,0,0,0,0,0,0,0,0,0,0,0,0,0,0,0,0,0,0,0,0,0,0,0,0,33,0,0,1,0,0,0,0,0.0,33.0,15,0.0,0,0,0,0,0,0
DESKTOP-R5AI7OF$,0,0,1,42,0,0,0,0,0,0,0,0,0,0,0,0,0,0,0,0,0,0,0,0,0,0,0,0,0,0,0,0,0,0,0,0,0,0,0,0,33,0,0,1,0,0,0,0,0.0,33.0,15,0.0,0,0,0,0,0,0
DESKTOP-R5AI7OF$,0,0,0,36,0,0,0,0,0,0,0,0,0,0,0,0,0,0,0,0,0,0,0,0,0,0,0,0,0,0,0,0,0,0,0,0,0,0,0,0,33,0,0,1,0,0,0,0,0.0,33.0,15,0.0,0,0,0,0,0,0
DESKTOP-R5AI7OF$,0,0,1,65,0,0,0,0,0,0,0,0,0,0,0,0,0,0,0,0,0,0,0,0,0,0,0,0,0,0,0,0,0,0,0,0,0,0,0,0,33,0,0,1,0,0,0,0,0.0,33.0,15,0.0,0,0,0,0,0,0
DESKTOP-R5AI7OF$,0,0,0,62,0,0,0,0,0,0,0,0,0,0,0,0,0,0,0,0,0,0,0,0,0,0,0,0,0,0,0,0,0,0,0,0,0,0,0,0,33,0,0,1,0,0,0,0,0.0,33.0,15,0.0,0,0,0,0,0,0
DESKTOP-R5AI7OF$,0,0,0,54,0,0,0,0,0,0,0,0,0,0,0,0,0,0,0,0,0,0,0,0,0,0,0,0,0,0,0,0,0,0,0,0,0,0,0,0,33,0,0,1,0,0,0,0,0.0,33.0,15,0.0,0,0,0,0,0,0
DESKTOP-R5AI7OF$,0,0,0,28,0,0,0,0,0,0,0,0,0,0,0,0,0,0,0,0,0,0,0,0,0,0,0,0,0,0,0,0,0,0,0,0,0,0,0,0,33,0,0,1,0,0,0,0,0.0,33.0,15,0.0,0,0,0,0,0,0
DESKTOP-R5AI7OF$,0,0,0,22,0,0,0,0,0,0,0,0,0,0,0,0,0,0,0,0,0,0,0,0,0,0,0,0,0,0,0,0,0,0,0,0,0,0,0,0,33,0,0,1,0,0,0,0,0.0,33.0,15,0.0,0,0,0,0,0,0
DESKTOP-R5AI7OF$,0,0,0,66,0,0,0,0,0,0,0,0,0,0,0,0,0,0,0,0,0,0,0,0,0,0,0,0,0,0,0,0,0,0,0,0,0,0,0,0,33,0,0,1,0,0,0,0,0.0,33.0,15,0.0,0,0,0,0,0,0
DESKTOP-R5AI7OF$,0,0,1,16,0,0,0,0,0,0,0,0,0,0,0,0,0,0,0,0,0,0,0,0,0,0,0,0,0,0,0,0,0,0,0,0,0,0,0,0,33,0,0,1,0,0,0,0,0.0,33.0,15,0.0,0,0,0,0,0,0
DESKTOP-R5AI7OF$,0,0,1,45,0,0,0,0,0,0,0,0,0,0,0,0,0,0,0,0,0,0,0,0,0,0,0,0,0,0,0,0,0,0,0,0,0,0,0,0,33,0,0,1,0,0,0,0,0.0,33.0,15,0.0,0,0,0,0,0,0
DESKTOP-R5AI7OF$,0,0,0,22,0,0,0,0,0,0,0,0,0,0,0,0,0,0,0,0,0,0,0,0,0,0,0,0,0,0,0,0,0,0,0,0,0,0,0,0,33,0,0,1,0,0,0,0,0.0,33.0,15,0.0,0,0,0,0,0,0
DESKTOP-R5AI7OF$,0,0,1,36,0,0,0,0,0,0,0,0,0,0,0,0,0,0,0,0,0,0,0,0,0,0,0,0,0,0,0,0,0,0,0,0,0,0,0,0,33,0,0,1,0,0,0,0,0.0,33.0,15,0.0,0,0,0,0,0,0
DESKTOP-R5AI7OF$,0,0,1,20,0,0,0,0,0,0,0,0,0,0,0,0,0,0,0,0,0,0,0,0,0,0,0,0,0,0,0,0,0,0,0,0,0,0,0,0,33,0,0,1,0,0,0,0,0.0,33.0,15,0.0,0,0,0,0,0,0
DESKTOP-R5AI7OF$,0,0,1,41,0,0,0,0,0,0,0,0,0,0,0,0,0,0,0,0,0,0,0,0,0,0,0,0,0,0,0,0,0,0,0,0,0,0,0,0,33,0,0,1,0,0,0,0,0.0,33.0,15,0.0,0,0,0,0,0,0
DESKTOP-R5AI7OF$,0,0,0,67,0,0,0,0,0,0,0,0,0,0,0,0,0,0,0,0,0,0,0,0,0,0,0,0,0,0,0,0,0,0,0,0,0,0,0,0,33,0,0,1,0,0,0,0,0.0,33.0,15,0.0,0,0,0,0,0,0
DESKTOP-R5AI7OF$,0,0,1,58,0,0,0,0,0,0,0,0,0,0,0,0,0,0,0,0,0,0,0,0,0,0,0,0,0,0,0,0,0,0,0,0,0,0,0,0,33,0,0,1,0,0,0,0,0.0,33.0,15,0.0,0,0,0,0,0,0
DESKTOP-R5AI7OF$,0,0,0,47,0,0,0,0,0,0,0,0,0,0,0,0,0,0,0,0,0,0,0,0,0,0,0,0,0,0,0,0,0,0,0,0,0,0,0,0,33,0,0,1,0,0,0,0,0.0,33.0,15,0.0,0,0,0,0,0,0
DESKTOP-R5AI7OF$,0,0,0,51,0,0,0,0,0,0,0,0,0,0,0,0,0,0,0,0,0,0,0,0,0,0,0,0,0,0,0,0,0,0,0,0,0,0,0,0,33,0,0,1,0,0,0,0,0.0,33.0,15,0.0,0,0,0,0,0,0
DESKTOP-R5AI7OF$,0,0,1,69,0,0,0,0,0,0,0,0,0,0,0,0,0,0,0,0,0,0,0,0,0,0,0,0,0,0,0,0,0,0,0,0,0,0,0,0,33,0,0,1,0,0,0,0,0.0,33.0,15,0.0,0,0,0,0,0,0
DESKTOP-R5AI7OF$,0,0,1,66,0,0,0,0,0,0,0,0,0,0,0,0,0,0,0,0,0,0,0,0,0,0,0,0,0,0,0,0,0,0,0,0,0,0,0,0,33,0,0,1,0,0,0,0,0.0,33.0,15,0.0,0,0,0,0,0,0
DESKTOP-R5AI7OF$,0,0,0,44,0,0,0,0,0,0,0,0,0,0,0,0,0,0,0,0,0,0,0,0,0,0,0,0,0,0,0,0,0,0,0,0,0,0,0,0,33,0,0,1,0,0,0,0,0.0,33.0,15,0.0,0,0,0,0,0,0
TAWSIF,0,0,0,77,0,0,0,0,0,0,0,0,0,0,0,0,0,0,0,0,0,0,0,0,0,0,0,0,0,0,0,0,0,0,0,0,0,0,0,0,77,0,0,1,0,0,0,0,0.0,77.0,11,0.0,0,0,0,0,0,0
TAWSIF,0,0,0,127,0,0,0,0,0,0,0,0,0,0,0,0,0,0,0,0,0,0,0,0,0,0,0,0,0,0,0,0,0,0,0,0,0,0,0,0,77,0,0,1,0,0,0,0,0.0,77.0,11,0.0,0,0,0,0,0,0
TAWSIF,0,0,0,135,0,0,0,0,0,0,0,0,0,0,0,0,0,0,0,0,0,0,0,0,0,0,0,0,0,0,0,0,0,0,0,0,0,0,0,0,77,0,0,1,0,0,0,0,0.0,77.0,11,0.0,0,0,0,0,0,0
TAWSIF,0,0,1,64,0,0,0,0,0,0,0,0,0,0,0,0,0,0,0,0,0,0,0,0,0,0,0,0,0,0,0,0,0,0,0,0,0,0,0,0,77,0,0,1,0,0,0,0,0.0,77.0,11,0.0,0,0,0,0,0,0
TAWSIF,0,0,1,137,0,0,0,0,0,0,0,0,0,0,0,0,0,0,0,0,0,0,0,0,0,0,0,0,0,0,0,0,0,0,0,0,0,0,0,0,77,0,0,1,0,0,0,0,0.0,77.0,11,0.0,0,0,0,0,0,0
TAWSIF,0,0,1,116,0,0,0,0,0,0,0,0,0,0,0,0,0,0,0,0,0,0,0,0,0,0,0,0,0,0,0,0,0,0,0,0,0,0,0,0,77,0,0,1,0,0,0,0,0.0,77.0,11,0.0,0,0,0,0,0,0
TAWSIF,0,0,0,99,0,0,0,0,0,0,0,0,0,0,0,0,0,0,0,0,0,0,0,0,0,0,0,0,0,0,0,0,0,0,0,0,0,0,0,0,77,0,0,1,0,0,0,0,0.0,77.0,11,0.0,0,0,0,0,0,0
TAWSIF,0,0,1,127,0,0,0,0,0,0,0,0,0,0,0,0,0,0,0,0,0,0,0,0,0,0,0,0,0,0,0,0,0,0,0,0,0,0,0,0,77,0,0,1,0,0,0,0,0.0,77.0,11,0.0,0,0,0,0,0,0
TAWSIF,0,0,0,130,0,0,0,0,0,0,0,0,0,0,0,0,0,0,0,0,0,0,0,0,0,0,0,0,0,0,0,0,0,0,0,0,0,0,0,0,77,0,0,1,0,0,0,0,0.0,77.0,11,0.0,0,0,0,0,0,0
TAWSIF,0,0,1,120,0,0,0,0,0,0,0,0,0,0,0,0,0,0,0,0,0,0,0,0,0,0,0,0,0,0,0,0,0,0,0,0,0,0,0,0,77,0,0,1,0,0,0,0,0.0,77.0,11,0.0,0,0,0,0,0,0
TAWSIF,0,0,0,124,0,0,0,0,0,0,0,0,0,0,0,0,0,0,0,0,0,0,0,0,0,0,0,0,0,0,0,0,0,0,0,0,0,0,0,0,77,0,0,1,0,0,0,0,0.0,77.0,11,0.0,0,0,0,0,0,0
TAWSIF,0,0,1,36,0,0,0,0,0,0,0,0,0,0,0,0,0,0,0,0,0,0,0,0,0,0,0,0,0,0,0,0,0,0,0,0,0,0,0,0,77,0,0,1,0,0,0,0,0.0,77.0,11,0.0,0,0,0,0,0,0
TAWSIF,0,0,1,130,0,0,0,0,0,0,0,0,0,0,0,0,0,0,0,0,0,0,0,0,0,0,0,0,0,0,0,0,0,0,0,0,0,0,0,0,77,0,0,1,0,0,0,0,0.0,77.0,11,0.0,0,0,0,0,0,0
TAWSIF,0,0,1,113,0,0,0,0,0,0,0,0,0,0,0,0,0,0,0,0,0,0,0,0,0,0,0,0,0,0,0,0,0,0,0,0,0,0,0,0,77,0,0,1,0,0,0,0,0.0,77.0,11,0.0,0,0,0,0,0,0
TAWSIF,0,0,0,155,0,0,0,0,0,0,0,0,0,0,0,0,0,0,0,0,0,0,0,0,0,0,0,0,0,0,0,0,0,0,0,0,0,0,0,0,77,0,0,1,0,0,0,0,0.0,77.0,11,0.0,0,0,0,0,0,0
TAWSIF,0,0,1,40,0,0,0,0,0,0,0,0,0,0,0,0,0,0,0,0,0,0,0,0,0,0,0,0,0,0,0,0,0,0,0,0,0,0,0,0,77,0,0,1,0,0,0,0,0.0,77.0,11,0.0,0,0,0,0,0,0
TAWSIF,0,0,1,164,0,0,0,0,0,0,0,0,0,0,0,0,0,0,0,0,0,0,0,0,0,0,0,0,0,0,0,0,0,0,0,0,0,0,0,0,77,0,0,1,0,0,0,0,0.0,77.0,11,0.0,0,0,0,0,0,0
TAWSIF,0,0,0,75,0,0,0,0,0,0,0,0,0,0,0,0,0,0,0,0,0,0,0,0,0,0,0,0,0,0,0,0,0,0,0,0,0,0,0,0,77,0,0,1,0,0,0,0,0.0,77.0,11,0.0,0,0,0,0,0,0
TAWSIF,0,0,0,43,0,0,0,0,0,0,0,0,0,0,0,0,0,0,0,0,0,0,0,0,0,0,0,0,0,0,0,0,0,0,0,0,0,0,0,0,77,0,0,1,0,0,0,0,0.0,77.0,11,0.0,0,0,0,0,0,0
TAWSIF,0,0,1,40,0,0,0,0,0,0,0,0,0,0,0,0,0,0,0,0,0,0,0,0,0,0,0,0,0,0,0,0,0,0,0,0,0,0,0,0,77,0,0,1,0,0,0,0,0.0,77.0,11,0.0,0,0,0,0,0,0
TAWSIF,0,0,0,49,0,0,0,0,0,0,0,0,0,0,0,0,0,0,0,0,0,0,0,0,0,0,0,0,0,0,0,0,0,0,0,0,0,0,0,0,77,0,0,1,0,0,0,0,0.0,77.0,11,0.0,0,0,0,0,0,0
TAWSIF,0,0,1,92,0,0,0,0,0,0,0,0,0,0,0,0,0,0,0,0,0,0,0,0,0,0,0,0,0,0,0,0,0,0,0,0,0,0,0,0,77,0,0,1,0,0,0,0,0.0,77.0,11,0.0,0,0,0,0,0,0
TAWSIF,0,0,0,133,0,0,0,0,0,0,0,0,0,0,0,0,0,0,0,0,0,0,0,0,0,0,0,0,0,0,0,0,0,0,0,0,0,0,0,0,77,0,0,1,0,0,0,0,0.0,77.0,11,0.0,0,0,0,0,0,0
TAWSIF,0,0,1,93,0,0,0,0,0,0,0,0,0,0,0,0,0,0,0,0,0,0,0,0,0,0,0,0,0,0,0,0,0,0,0,0,0,0,0,0,77,0,0,1,0,0,0,0,0.0,77.0,11,0.0,0,0,0,0,0,0
TAWSIF,0,0,0,139,0,0,0,0,0,0,0,0,0,0,0,0,0,0,0,0,0,0,0,0,0,0,0,0,0,0,0,0,0,0,0,0,0,0,0,0,77,0,0,1,0,0,0,0,0.0,77.0,11,0.0,0,0,0,0,0,0
TAWSIF,0,0,1,138,0,0,0,0,0,0,0,0,0,0,0,0,0,0,0,0,0,0,0,0,0,0,0,0,0,0,0,0,0,0,0,0,0,0,0,0,77,0,0,1,0,0,0,0,0.0,77.0,11,0.0,0,0,0,0,0,0
TAWSIF,0,0,1,32,0,0,0,0,0,0,0,0,0,0,0,0,0,0,0,0,0,0,0,0,0,0,0,0,0,0,0,0,0,0,0,0,0,0,0,0,77,0,0,1,0,0,0,0,0.0,77.0,11,0.0,0,0,0,0,0,0
TAWSIF,0,0,0,127,0,0,0,0,0,0,0,0,0,0,0,0,0,0,0,0,0,0,0,0,0,0,0,0,0,0,0,0,0,0,0,0,0,0,0,0,77,0,0,1,0,0,0,0,0.0,77.0,11,0.0,0,0,0,0,0,0
TAWSIF,0,0,1,107,0,0,0,0,0,0,0,0,0,0,0,0,0,0,0,0,0,0,0,0,0,0,0,0,0,0,0,0,0,0,0,0,0,0,0,0,77,0,0,1,0,0,0,0,0.0,77.0,11,0.0,0,0,0,0,0,0
TAWSIF,0,0,1,69,0,0,0,0,0,0,0,0,0,0,0,0,0,0,0,0,0,0,0,0,0,0,0,0,0,0,0,0,0,0,0,0,0,0,0,0,77,0,0,1,0,0,0,0,0.0,77.0,11,0.0,0,0,0,0,0,0
TAWSIF,0,0,1,84,0,0,0,0,0,0,0,0,0,0,0,0,0,0,0,0,0,0,0,0,0,0,0,0,0,0,0,0,0,0,0,0,0,0,0,0,77,0,0,1,0,0,0,0,0.0,77.0,11,0.0,0,0,0,0,0,0
TAWSIF,0,0,0,119,0,0,0,0,0,0,0,0,0,0,0,0,0,0,0,0,0,0,0,0,0,0,0,0,0,0,0,0,0,0,0,0,0,0,0,0,77,0,0,1,0,0,0,0,0.0,77.0,11,0.0,0,0,0,0,0,0
TAWSIF,0,0,1,137,0,0,0,0,0,0,0,0,0,0,0,0,0,0,0,0,0,0,0,0,0,0,0,0,0,0,0,0,0,0,0,0,0,0,0,0,77,0,0,1,0,0,0,0,0.0,77.0,11,0.0,0,0,0,0,0,0
TAWSIF,0,0,0,150,0,0,0,0,0,0,0,0,0,0,0,0,0,0,0,0,0,0,0,0,0,0,0,0,0,0,0,0,0,0,0,0,0,0,0,0,77,0,0,1,0,0,0,0,0.0,77.0,11,0.0,0,0,0,0,0,0
TAWSIF,0,0,0,94,0,0,0,0,0,0,0,0,0,0,0,0,0,0,0,0,0,0,0,0,0,0,0,0,0,0,0,0,0,0,0,0,0,0,0,0,77,0,0,1,0,0,0,0,0.0,77.0,11,0.0,0,0,0,0,0,0
TAWSIF,0,0,0,30,0,0,0,0,0,0,0,0,0,0,0,0,0,0,0,0,0,0,0,0,0,0,0,0,0,0,0,0,0,0,0,0,0,0,0,0,77,0,0,1,0,0,0,0,0.0,77.0,11,0.0,0,0,0,0,0,0
TAWSIF,0,0,1,147,0,0,0,0,0,0,0,0,0,0,0,0,0,0,0,0,0,0,0,0,0,0,0,0,0,0,0,0,0,0,0,0,0,0,0,0,77,0,0,1,0,0,0,0,0.0,77.0,11,0.0,0,0,0,0,0,0
TAWSIF,0,0,0,152,0,0,0,0,0,0,0,0,0,0,0,0,0,0,0,0,0,0,0,0,0,0,0,0,0,0,0,0,0,0,0,0,0,0,0,0,77,0,0,1,0,0,0,0,0.0,77.0,11,0.0,0,0,0,0,0,0
TAWSIF,0,0,1,62,0,0,0,0,0,0,0,0,0,0,0,0,0,0,0,0,0,0,0,0,0,0,0,0,0,0,0,0,0,0,0,0,0,0,0,0,77,0,0,1,0,0,0,0,0.0,77.0,11,0.0,0,0,0,0,0,0
TAWSIF,0,0,0,120,0,0,0,0,0,0,0,0,0,0,0,0,0,0,0,0,0,0,0,0,0,0,0,0,0,0,0,0,0,0,0,0,0,0,0,0,77,0,0,1,0,0,0,0,0.0,77.0,11,0.0,0,0,0,0,0,0
TAWSIF,0,0,1,80,0,0,0,0,0,0,0,0,0,0,0,0,0,0,0,0,0,0,0,0,0,0,0,0,0,0,0,0,0,0,0,0,0,0,0,0,77,0,0,1,0,0,0,0,0.0,77.0,11,0.0,0,0,0,0,0,0
TAWSIF,0,0,0,62,0,0,0,0,0,0,0,0,0,0,0,0,0,0,0,0,0,0,0,0,0,0,0,0,0,0,0,0,0,0,0,0,0,0,0,0,77,0,0,1,0,0,0,0,0.0,77.0,11,0.0,0,0,0,0,0,0
TAWSIF,0,0,0,134,0,0,0,0,0,0,0,0,0,0,0,0,0,0,0,0,0,0,0,0,0,0,0,0,0,0,0,0,0,0,0,0,0,0,0,0,77,0,0,1,0,0,0,0,0.0,77.0,11,0.0,0,0,0,0,0,0
TAWSIF,0,0,0,144,0,0,0,0,0,0,0,0,0,0,0,0,0,0,0,0,0,0,0,0,0,0,0,0,0,0,0,0,0,0,0,0,0,0,0,0,77,0,0,1,0,0,0,0,0.0,77.0,11,0.0,0,0,0,0,0,0
TAWSIF,0,0,0,133,0,0,0,0,0,0,0,0,0,0,0,0,0,0,0,0,0,0,0,0,0,0,0,0,0,0,0,0,0,0,0,0,0,0,0,0,77,0,0,1,0,0,0,0,0.0,77.0,11,0.0,0,0,0,0,0,0
TAWSIF,0,0,0,160,0,0,0,0,0,0,0,0,0,0,0,0,0,0,0,0,0,0,0,0,0,0,0,0,0,0,0,0,0,0,0,0,0,0,0,0,77,0,0,1,0,0,0,0,0.0,77.0,11,0.0,0,0,0,0,0,0
TAWSIF,0,0,1,103,0,0,0,0,0,0,0,0,0,0,0,0,0,0,0,0,0,0,0,0,0,0,0,0,0,0,0,0,0,0,0,0,0,0,0,0,77,0,0,1,0,0,0,0,0.0,77.0,11,0.0,0,0,0,0,0,0
TAWSIF,0,0,1,98,0,0,0,0,0,0,0,0,0,0,0,0,0,0,0,0,0,0,0,0,0,0,0,0,0,0,0,0,0,0,0,0,0,0,0,0,77,0,0,1,0,0,0,0,0.0,77.0,11,0.0,0,0,0,0,0,0
TAWSIF,0,0,0,154,0,0,0,0,0,0,0,0,0,0,0,0,0,0,0,0,0,0,0,0,0,0,0,0,0,0,0,0,0,0,0,0,0,0,0,0,77,0,0,1,0,0,0,0,0.0,77.0,11,0.0,0,0,0,0,0,0
TAWSIF,0,0,0,145,0,0,0,0,0,0,0,0,0,0,0,0,0,0,0,0,0,0,0,0,0,0,0,0,0,0,0,0,0,0,0,0,0,0,0,0,77,0,0,1,0,0,0,0,0.0,77.0,11,0.0,0,0,0,0,0,0
TAWSIF,0,0,0,106,0,0,0,0,0,0,0,0,0,0,0,0,0,0,0,0,0,0,0,0,0,0,0,0,0,0,0,0,0,0,0,0,0,0,0,0,77,0,0,1,0,0,0,0,0.0,77.0,11,0.0,0,0,0,0,0,0
TAWSIF,0,0,1,118,0,0,0,0,0,0,0,0,0,0,0,0,0,0,0,0,0,0,0,0,0,0,0,0,0,0,0,0,0,0,0,0,0,0,0,0,77,0,0,1,0,0,0,0,0.0,77.0,11,0.0,0,0,0,0,0,0
TAWSIF,0,0,0,114,0,0,0,0,0,0,0,0,0,0,0,0,0,0,0,0,0,0,0,0,0,0,0,0,0,0,0,0,0,0,0,0,0,0,0,0,77,0,0,1,0,0,0,0,0.0,77.0,11,0.0,0,0,0,0,0,0
TAWSIF,0,0,0,24,0,0,0,0,0,0,0,0,0,0,0,0,0,0,0,0,0,0,0,0,0,0,0,0,0,0,0,0,0,0,0,0,0,0,0,0,77,0,0,1,0,0,0,0,0.0,77.0,11,0.0,0,0,0,0,0,0
TAWSIF,0,0,0,129,0,0,0,0,0,0,0,0,0,0,0,0,0,0,0,0,0,0,0,0,0,0,0,0,0,0,0,0,0,0,0,0,0,0,0,0,77,0,0,1,0,0,0,0,0.0,77.0,11,0.0,0,0,0,0,0,0
TAWSIF,0,0,0,152,0,0,0,0,0,0,0,0,0,0,0,0,0,0,0,0,0,0,0,0,0,0,0,0,0,0,0,0,0,0,0,0,0,0,0,0,77,0,0,1,0,0,0,0,0.0,77.0,11,0.0,0,0,0,0,0,0
TAWSIF,0,0,0,112,0,0,0,0,0,0,0,0,0,0,0,0,0,0,0,0,0,0,0,0,0,0,0,0,0,0,0,0,0,0,0,0,0,0,0,0,77,0,0,1,0,0,0,0,0.0,77.0,11,0.0,0,0,0,0,0,0
TAWSIF,0,0,0,94,0,0,0,0,0,0,0,0,0,0,0,0,0,0,0,0,0,0,0,0,0,0,0,0,0,0,0,0,0,0,0,0,0,0,0,0,77,0,0,1,0,0,0,0,0.0,77.0,11,0.0,0,0,0,0,0,0
TAWSIF,0,0,0,100,0,0,0,0,0,0,0,0,0,0,0,0,0,0,0,0,0,0,0,0,0,0,0,0,0,0,0,0,0,0,0,0,0,0,0,0,77,0,0,1,0,0,0,0,0.0,77.0,11,0.0,0,0,0,0,0,0
TAWSIF,0,0,0,122,0,0,0,0,0,0,0,0,0,0,0,0,0,0,0,0,0,0,0,0,0,0,0,0,0,0,0,0,0,0,0,0,0,0,0,0,77,0,0,1,0,0,0,0,0.0,77.0,11,0.0,0,0,0,0,0,0
TAWSIF,0,0,0,40,0,0,0,0,0,0,0,0,0,0,0,0,0,0,0,0,0,0,0,0,0,0,0,0,0,0,0,0,0,0,0,0,0,0,0,0,77,0,0,1,0,0,0,0,0.0,77.0,11,0.0,0,0,0,0,0,0
TAWSIF,0,0,1,98,0,0,0,0,0,0,0,0,0,0,0,0,0,0,0,0,0,0,0,0,0,0,0,0,0,0,0,0,0,0,0,0,0,0,0,0,77,0,0,1,0,0,0,0,0.0,77.0,11,0.0,0,0,0,0,0,0
TAWSIF,0,0,0,77,0,0,0,0,0,0,0,0,0,0,0,0,0,0,0,0,0,0,0,0,0,0,0,0,0,0,0,0,0,0,0,0,0,0,0,0,77,0,0,1,0,0,0,0,0.0,77.0,11,0.0,0,0,0,0,0,0
TAWSIF,0,0,0,58,0,0,0,0,0,0,0,0,0,0,0,0,0,0,0,0,0,0,0,0,0,0,0,0,0,0,0,0,0,0,0,0,0,0,0,0,77,0,0,1,0,0,0,0,0.0,77.0,11,0.0,0,0,0,0,0,0
TAWSIF,0,0,1,76,0,0,0,0,0,0,0,0,0,0,0,0,0,0,0,0,0,0,0,0,0,0,0,0,0,0,0,0,0,0,0,0,0,0,0,0,77,0,0,1,0,0,0,0,0.0,77.0,11,0.0,0,0,0,0,0,0
TAWSIF,0,0,0,139,0,0,0,0,0,0,0,0,0,0,0,0,0,0,0,0,0,0,0,0,0,0,0,0,0,0,0,0,0,0,0,0,0,0,0,0,77,0,0,1,0,0,0,0,0.0,77.0,11,0.0,0,0,0,0,0,0
TAWSIF,0,0,1,33,0,0,0,0,0,0,0,0,0,0,0,0,0,0,0,0,0,0,0,0,0,0,0,0,0,0,0,0,0,0,0,0,0,0,0,0,77,0,0,1,0,0,0,0,0.0,77.0,11,0.0,0,0,0,0,0,0
TAWSIF,0,0,0,30,0,0,0,0,0,0,0,0,0,0,0,0,0,0,0,0,0,0,0,0,0,0,0,0,0,0,0,0,0,0,0,0,0,0,0,0,77,0,0,1,0,0,0,0,0.0,77.0,11,0.0,0,0,0,0,0,0
TAWSIF,0,0,0,121,0,0,0,0,0,0,0,0,0,0,0,0,0,0,0,0,0,0,0,0,0,0,0,0,0,0,0,0,0,0,0,0,0,0,0,0,77,0,0,1,0,0,0,0,0.0,77.0,11,0.0,0,0,0,0,0,0
TAWSIF,0,0,0,50,0,0,0,0,0,0,0,0,0,0,0,0,0,0,0,0,0,0,0,0,0,0,0,0,0,0,0,0,0,0,0,0,0,0,0,0,77,0,0,1,0,0,0,0,0.0,77.0,11,0.0,0,0,0,0,0,0
TAWSIF,0,0,0,84,0,0,0,0,0,0,0,0,0,0,0,0,0,0,0,0,0,0,0,0,0,0,0,0,0,0,0,0,0,0,0,0,0,0,0,0,77,0,0,1,0,0,0,0,0.0,77.0,11,0.0,0,0,0,0,0,0
TAWSIF,0,0,0,23,0,0,0,0,0,0,0,0,0,0,0,0,0,0,0,0,0,0,0,0,0,0,0,0,0,0,0,0,0,0,0,0,0,0,0,0,77,0,0,1,0,0,0,0,0.0,77.0,11,0.0,0,0,0,0,0,0
TAWSIF,0,0,1,81,0,0,0,0,0,0,0,0,0,0,0,0,0,0,0,0,0,0,0,0,0,0,0,0,0,0,0,0,0,0,0,0,0,0,0,0,77,0,0,1,0,0,0,0,0.0,77.0,11,0.0,0,0,0,0,0,0
TAWSIF,0,0,0,131,0,0,0,0,0,0,0,0,0,0,0,0,0,0,0,0,0,0,0,0,0,0,0,0,0,0,0,0,0,0,0,0,0,0,0,0,77,0,0,1,0,0,0,0,0.0,77.0,11,0.0,0,0,0,0,0,0
TAWSIF,0,0,0,40,0,0,0,0,0,0,0,0,0,0,0,0,0,0,0,0,0,0,0,0,0,0,0,0,0,0,0,0,0,0,0,0,0,0,0,0,77,0,0,1,0,0,0,0,0.0,77.0,11,0.0,0,0,0,0,0,0
TAWSIF,0,0,0,162,0,0,0,0,0,0,0,0,0,0,0,0,0,0,0,0,0,0,0,0,0,0,0,0,0,0,0,0,0,0,0,0,0,0,0,0,77,0,0,1,0,0,0,0,0.0,77.0,11,0.0,0,0,0,0,0,0
TAWSIF,0,0,0,34,0,0,0,0,0,0,0,0,0,0,0,0,0,0,0,0,0,0,0,0,0,0,0,0,0,0,0,0,0,0,0,0,0,0,0,0,77,0,0,1,0,0,0,0,0.0,77.0,11,0.0,0,0,0,0,0,0
TAWSIF,0,0,0,163,0,0,0,0,0,0,0,0,0,0,0,0,0,0,0,0,0,0,0,0,0,0,0,0,0,0,0,0,0,0,0,0,0,0,0,0,77,0,0,1,0,0,0,0,0.0,77.0,11,0.0,0,0,0,0,0,0
TAWSIF,0,0,0,87,0,0,0,0,0,0,0,0,0,0,0,0,0,0,0,0,0,0,0,0,0,0,0,0,0,0,0,0,0,0,0,0,0,0,0,0,77,0,0,1,0,0,0,0,0.0,77.0,11,0.0,0,0,0,0,0,0
TAWSIF,0,0,0,39,0,0,0,0,0,0,0,0,0,0,0,0,0,0,0,0,0,0,0,0,0,0,0,0,0,0,0,0,0,0,0,0,0,0,0,0,77,0,0,1,0,0,0,0,0.0,77.0,11,0.0,0,0,0,0,0,0
TAWSIF,0,0,0,98,0,0,0,0,0,0,0,0,0,0,0,0,0,0,0,0,0,0,0,0,0,0,0,0,0,0,0,0,0,0,0,0,0,0,0,0,77,0,0,1,0,0,0,0,0.0,77.0,11,0.0,0,0,0,0,0,0
TAWSIF,0,0,0,56,0,0,0,0,0,0,0,0,0,0,0,0,0,0,0,0,0,0,0,0,0,0,0,0,0,0,0,0,0,0,0,0,0,0,0,0,77,0,0,1,0,0,0,0,0.0,77.0,11,0.0,0,0,0,0,0,0
TAWSIF,0,0,1,131,0,0,0,0,0,0,0,0,0,0,0,0,0,0,0,0,0,0,0,0,0,0,0,0,0,0,0,0,0,0,0,0,0,0,0,0,77,0,0,1,0,0,0,0,0.0,77.0,11,0.0,0,0,0,0,0,0
TAWSIF,0,0,1,137,0,0,0,0,0,0,0,0,0,0,0,0,0,0,0,0,0,0,0,0,0,0,0,0,0,0,0,0,0,0,0,0,0,0,0,0,77,0,0,1,0,0,0,0,0.0,77.0,11,0.0,0,0,0,0,0,0
TAWSIF,0,0,0,125,0,0,0,0,0,0,0,0,0,0,0,0,0,0,0,0,0,0,0,0,0,0,0,0,0,0,0,0,0,0,0,0,0,0,0,0,77,0,0,1,0,0,0,0,0.0,77.0,11,0.0,0,0,0,0,0,0
TAWSIF,0,0,1,87,0,0,0,0,0,0,0,0,0,0,0,0,0,0,0,0,0,0,0,0,0,0,0,0,0,0,0,0,0,0,0,0,0,0,0,0,77,0,0,1,0,0,0,0,0.0,77.0,11,0.0,0,0,0,0,0,0
TAWSIF,0,0,0,117,0,0,0,0,0,0,0,0,0,0,0,0,0,0,0,0,0,0,0,0,0,0,0,0,0,0,0,0,0,0,0,0,0,0,0,0,77,0,0,1,0,0,0,0,0.0,77.0,11,0.0,0,0,0,0,0,0
TAWSIF,0,0,0,117,0,0,0,0,0,0,0,0,0,0,0,0,0,0,0,0,0,0,0,0,0,0,0,0,0,0,0,0,0,0,0,0,0,0,0,0,77,0,0,1,0,0,0,0,0.0,77.0,11,0.0,0,0,0,0,0,0
TAWSIF,0,0,0,89,0,0,0,0,0,0,0,0,0,0,0,0,0,0,0,0,0,0,0,0,0,0,0,0,0,0,0,0,0,0,0,0,0,0,0,0,77,0,0,1,0,0,0,0,0.0,77.0,11,0.0,0,0,0,0,0,0
TAWSIF,0,0,0,133,0,0,0,0,0,0,0,0,0,0,0,0,0,0,0,0,0,0,0,0,0,0,0,0,0,0,0,0,0,0,0,0,0,0,0,0,77,0,0,1,0,0,0,0,0.0,77.0,11,0.0,0,0,0,0,0,0
TAWSIF,0,0,0,155,0,0,0,0,0,0,0,0,0,0,0,0,0,0,0,0,0,0,0,0,0,0,0,0,0,0,0,0,0,0,0,0,0,0,0,0,77,0,0,1,0,0,0,0,0.0,77.0,11,0.0,0,0,0,0,0,0
TAWSIF,0,0,1,84,0,0,0,0,0,0,0,0,0,0,0,0,0,0,0,0,0,0,0,0,0,0,0,0,0,0,0,0,0,0,0,0,0,0,0,0,77,0,0,1,0,0,0,0,0.0,77.0,11,0.0,0,0,0,0,0,0
TAWSIF,0,0,0,50,0,0,0,0,0,0,0,0,0,0,0,0,0,0,0,0,0,0,0,0,0,0,0,0,0,0,0,0,0,0,0,0,0,0,0,0,77,0,0,1,0,0,0,0,0.0,77.0,11,0.0,0,0,0,0,0,0
TAWSIF,0,0,0,150,0,0,0,0,0,0,0,0,0,0,0,0,0,0,0,0,0,0,0,0,0,0,0,0,0,0,0,0,0,0,0,0,0,0,0,0,77,0,0,1,0,0,0,0,0.0,77.0,11,0.0,0,0,0,0,0,0
TAWSIF,0,0,0,43,0,0,0,0,0,0,0,0,0,0,0,0,0,0,0,0,0,0,0,0,0,0,0,0,0,0,0,0,0,0,0,0,0,0,0,0,77,0,0,1,0,0,0,0,0.0,77.0,11,0.0,0,0,0,0,0,0
TAWSIF,0,0,0,138,0,0,0,0,0,0,0,0,0,0,0,0,0,0,0,0,0,0,0,0,0,0,0,0,0,0,0,0,0,0,0,0,0,0,0,0,77,0,0,1,0,0,0,0,0.0,77.0,11,0.0,0,0,0,0,0,0
TAWSIF,0,0,0,127,0,0,0,0,0,0,0,0,0,0,0,0,0,0,0,0,0,0,0,0,0,0,0,0,0,0,0,0,0,0,0,0,0,0,0,0,77,0,0,1,0,0,0,0,0.0,77.0,11,0.0,0,0,0,0,0,0
TAWSIF,0,0,0,110,0,0,0,0,0,0,0,0,0,0,0,0,0,0,0,0,0,0,0,0,0,0,0,0,0,0,0,0,0,0,0,0,0,0,0,0,77,0,0,1,0,0,0,0,0.0,77.0,11,0.0,0,0,0,0,0,0
TAWSIF,0,0,1,38,0,0,0,0,0,0,0,0,0,0,0,0,0,0,0,0,0,0,0,0,0,0,0,0,0,0,0,0,0,0,0,0,0,0,0,0,77,0,0,1,0,0,0,0,0.0,77.0,11,0.0,0,0,0,0,0,0
TAWSIF,0,0,1,53,0,0,0,0,0,0,0,0,0,0,0,0,0,0,0,0,0,0,0,0,0,0,0,0,0,0,0,0,0,0,0,0,0,0,0,0,77,0,0,1,0,0,0,0,0.0,77.0,11,0.0,0,0,0,0,0,0
TAWSIF,0,0,1,47,0,0,0,0,0,0,0,0,0,0,0,0,0,0,0,0,0,0,0,0,0,0,0,0,0,0,0,0,0,0,0,0,0,0,0,0,77,0,0,1,0,0,0,0,0.0,77.0,11,0.0,0,0,0,0,0,0
TAWSIF,0,0,0,126,0,0,0,0,0,0,0,0,0,0,0,0,0,0,0,0,0,0,0,0,0,0,0,0,0,0,0,0,0,0,0,0,0,0,0,0,77,0,0,1,0,0,0,0,0.0,77.0,11,0.0,0,0,0,0,0,0
TAWSIF,0,0,1,155,0,0,0,0,0,0,0,0,0,0,0,0,0,0,0,0,0,0,0,0,0,0,0,0,0,0,0,0,0,0,0,0,0,0,0,0,77,0,0,1,0,0,0,0,0.0,77.0,11,0.0,0,0,0,0,0,0
TAWSIF,0,0,1,155,0,0,0,0,0,0,0,0,0,0,0,0,0,0,0,0,0,0,0,0,0,0,0,0,0,0,0,0,0,0,0,0,0,0,0,0,77,0,0,1,0,0,0,0,0.0,77.0,11,0.0,0,0,0,0,0,0
TAWSIF,0,0,0,111,0,0,0,0,0,0,0,0,0,0,0,0,0,0,0,0,0,0,0,0,0,0,0,0,0,0,0,0,0,0,0,0,0,0,0,0,77,0,0,1,0,0,0,0,0.0,77.0,11,0.0,0,0,0,0,0,0
TAWSIF,0,0,1,48,0,0,0,0,0,0,0,0,0,0,0,0,0,0,0,0,0,0,0,0,0,0,0,0,0,0,0,0,0,0,0,0,0,0,0,0,77,0,0,1,0,0,0,0,0.0,77.0,11,0.0,0,0,0,0,0,0
TAWSIF,0,0,1,66,0,0,0,0,0,0,0,0,0,0,0,0,0,0,0,0,0,0,0,0,0,0,0,0,0,0,0,0,0,0,0,0,0,0,0,0,77,0,0,1,0,0,0,0,0.0,77.0,11,0.0,0,0,0,0,0,0
TAWSIF,0,0,0,70,0,0,0,0,0,0,0,0,0,0,0,0,0,0,0,0,0,0,0,0,0,0,0,0,0,0,0,0,0,0,0,0,0,0,0,0,77,0,0,1,0,0,0,0,0.0,77.0,11,0.0,0,0,0,0,0,0
TAWSIF,0,0,0,150,0,0,0,0,0,0,0,0,0,0,0,0,0,0,0,0,0,0,0,0,0,0,0,0,0,0,0,0,0,0,0,0,0,0,0,0,77,0,0,1,0,0,0,0,0.0,77.0,11,0.0,0,0,0,0,0,0
TAWSIF,0,0,1,98,0,0,0,0,0,0,0,0,0,0,0,0,0,0,0,0,0,0,0,0,0,0,0,0,0,0,0,0,0,0,0,0,0,0,0,0,77,0,0,1,0,0,0,0,0.0,77.0,11,0.0,0,0,0,0,0,0
TAWSIF,0,0,0,92,0,0,0,0,0,0,0,0,0,0,0,0,0,0,0,0,0,0,0,0,0,0,0,0,0,0,0,0,0,0,0,0,0,0,0,0,77,0,0,1,0,0,0,0,0.0,77.0,11,0.0,0,0,0,0,0,0
TAWSIF,0,0,0,111,0,0,0,0,0,0,0,0,0,0,0,0,0,0,0,0,0,0,0,0,0,0,0,0,0,0,0,0,0,0,0,0,0,0,0,0,77,0,0,1,0,0,0,0,0.0,77.0,11,0.0,0,0,0,0,0,0
TAWSIF,0,0,0,86,0,0,0,0,0,0,0,0,0,0,0,0,0,0,0,0,0,0,0,0,0,0,0,0,0,0,0,0,0,0,0,0,0,0,0,0,77,0,0,1,0,0,0,0,0.0,77.0,11,0.0,0,0,0,0,0,0
TAWSIF,0,0,0,25,0,0,0,0,0,0,0,0,0,0,0,0,0,0,0,0,0,0,0,0,0,0,0,0,0,0,0,0,0,0,0,0,0,0,0,0,77,0,0,1,0,0,0,0,0.0,77.0,11,0.0,0,0,0,0,0,0
TAWSIF,0,0,0,158,0,0,0,0,0,0,0,0,0,0,0,0,0,0,0,0,0,0,0,0,0,0,0,0,0,0,0,0,0,0,0,0,0,0,0,0,77,0,0,1,0,0,0,0,0.0,77.0,11,0.0,0,0,0,0,0,0
TAWSIF,0,0,0,26,0,0,0,0,0,0,0,0,0,0,0,0,0,0,0,0,0,0,0,0,0,0,0,0,0,0,0,0,0,0,0,0,0,0,0,0,77,0,0,1,0,0,0,0,0.0,77.0,11,0.0,0,0,0,0,0,0
TAWSIF,0,0,0,31,0,0,0,0,0,0,0,0,0,0,0,0,0,0,0,0,0,0,0,0,0,0,0,0,0,0,0,0,0,0,0,0,0,0,0,0,77,0,0,1,0,0,0,0,0.0,77.0,11,0.0,0,0,0,0,0,0
TAWSIF,0,0,1,66,0,0,0,0,0,0,0,0,0,0,0,0,0,0,0,0,0,0,0,0,0,0,0,0,0,0,0,0,0,0,0,0,0,0,0,0,77,0,0,1,0,0,0,0,0.0,77.0,11,0.0,0,0,0,0,0,0
TAWSIF,0,0,1,147,0,0,0,0,0,0,0,0,0,0,0,0,0,0,0,0,0,0,0,0,0,0,0,0,0,0,0,0,0,0,0,0,0,0,0,0,77,0,0,1,0,0,0,0,0.0,77.0,11,0.0,0,0,0,0,0,0
TAWSIF,0,0,1,129,0,0,0,0,0,0,0,0,0,0,0,0,0,0,0,0,0,0,0,0,0,0,0,0,0,0,0,0,0,0,0,0,0,0,0,0,77,0,0,1,0,0,0,0,0.0,77.0,11,0.0,0,0,0,0,0,0
TAWSIF,0,0,1,106,0,0,0,0,0,0,0,0,0,0,0,0,0,0,0,0,0,0,0,0,0,0,0,0,0,0,0,0,0,0,0,0,0,0,0,0,77,0,0,1,0,0,0,0,0.0,77.0,11,0.0,0,0,0,0,0,0
DESKTOP-R5AI7OF$,0,0,0,7,0,0,0,0,0,0,0,0,0,0,0,0,0,0,0,0,0,0,0,0,0,0,0,0,0,0,0,0,0,0,0,0,0,0,0,0,7,0,0,1,0,0,0,0,0.0,7.0,6,0.0,0,0,0,0,0,0
DESKTOP-R5AI7OF$,0,0,0,13,0,0,0,0,0,0,0,0,0,0,0,0,0,0,0,0,0,0,0,0,0,0,0,0,0,0,0,0,0,0,0,0,0,0,0,0,7,0,0,1,0,0,0,0,0.0,7.0,6,0.0,0,0,0,0,0,0
DESKTOP-R5AI7OF$,0,0,0,13,0,0,0,0,0,0,0,0,0,0,0,0,0,0,0,0,0,0,0,0,0,0,0,0,0,0,0,0,0,0,0,0,0,0,0,0,7,0,0,1,0,0,0,0,0.0,7.0,6,0.0,0,0,0,0,0,0
DESKTOP-R5AI7OF$,0,0,1,2,0,0,0,0,0,0,0,0,0,0,0,0,0,0,0,0,0,0,0,0,0,0,0,0,0,0,0,0,0,0,0,0,0,0,0,0,7,0,0,1,0,0,0,0,0.0,7.0,6,0.0,0,0,0,0,0,0
DESKTOP-R5AI7OF$,0,0,0,8,0,0,0,0,0,0,0,0,0,0,0,0,0,0,0,0,0,0,0,0,0,0,0,0,0,0,0,0,0,0,0,0,0,0,0,0,7,0,0,1,0,0,0,0,0.0,7.0,6,0.0,0,0,0,0,0,0
DESKTOP-R5AI7OF$,0,0,0,12,0,0,0,0,0,0,0,0,0,0,0,0,0,0,0,0,0,0,0,0,0,0,0,0,0,0,0,0,0,0,0,0,0,0,0,0,7,0,0,1,0,0,0,0,0.0,7.0,6,0.0,0,0,0,0,0,0
DESKTOP-R5AI7OF$,0,0,1,10,0,0,0,0,0,0,0,0,0,0,0,0,0,0,0,0,0,0,0,0,0,0,0,0,0,0,0,0,0,0,0,0,0,0,0,0,7,0,0,1,0,0,0,0,0.0,7.0,6,0.0,0,0,0,0,0,0
DESKTOP-R5AI7OF$,0,0,1,8,0,0,0,0,0,0,0,0,0,0,0,0,0,0,0,0,0,0,0,0,0,0,0,0,0,0,0,0,0,0,0,0,0,0,0,0,7,0,0,1,0,0,0,0,0.0,7.0,6,0.0,0,0,0,0,0,0
DESKTOP-R5AI7OF$,0,0,0,3,0,0,0,0,0,0,0,0,0,0,0,0,0,0,0,0,0,0,0,0,0,0,0,0,0,0,0,0,0,0,0,0,0,0,0,0,7,0,0,1,0,0,0,0,0.0,7.0,6,0.0,0,0,0,0,0,0
DESKTOP-R5AI7OF$,0,0,0,6,0,0,0,0,0,0,0,0,0,0,0,0,0,0,0,0,0,0,0,0,0,0,0,0,0,0,0,0,0,0,0,0,0,0,0,0,7,0,0,1,0,0,0,0,0.0,7.0,6,0.0,0,0,0,0,0,0
DESKTOP-R5AI7OF$,0,0,1,14,0,0,0,0,0,0,0,0,0,0,0,0,0,0,0,0,0,0,0,0,0,0,0,0,0,0,0,0,0,0,0,0,0,0,0,0,7,0,0,1,0,0,0,0,0.0,7.0,6,0.0,0,0,0,0,0,0
DESKTOP-R5AI7OF$,0,0,0,9,0,0,0,0,0,0,0,0,0,0,0,0,0,0,0,0,0,0,0,0,0,0,0,0,0,0,0,0,0,0,0,0,0,0,0,0,7,0,0,1,0,0,0,0,0.0,7.0,6,0.0,0,0,0,0,0,0
DESKTOP-R5AI7OF$,0,0,0,15,0,0,0,0,0,0,0,0,0,0,0,0,0,0,0,0,0,0,0,0,0,0,0,0,0,0,0,0,0,0,0,0,0,0,0,0,7,0,0,1,0,0,0,0,0.0,7.0,6,0.0,0,0,0,0,0,0
DESKTOP-R5AI7OF$,0,0,0,11,0,0,0,0,0,0,0,0,0,0,0,0,0,0,0,0,0,0,0,0,0,0,0,0,0,0,0,0,0,0,0,0,0,0,0,0,7,0,0,1,0,0,0,0,0.0,7.0,6,0.0,0,0,0,0,0,0
DESKTOP-R5AI7OF$,0,0,1,11,0,0,0,0,0,0,0,0,0,0,0,0,0,0,0,0,0,0,0,0,0,0,0,0,0,0,0,0,0,0,0,0,0,0,0,0,7,0,0,1,0,0,0,0,0.0,7.0,6,0.0,0,0,0,0,0,0
DESKTOP-R5AI7OF$,0,0,1,5,0,0,0,0,0,0,0,0,0,0,0,0,0,0,0,0,0,0,0,0,0,0,0,0,0,0,0,0,0,0,0,0,0,0,0,0,7,0,0,1,0,0,0,0,0.0,7.0,6,0.0,0,0,0,0,0,0
DESKTOP-R5AI7OF$,0,0,0,13,0,0,0,0,0,0,0,0,0,0,0,0,0,0,0,0,0,0,0,0,0,0,0,0,0,0,0,0,0,0,0,0,0,0,0,0,7,0,0,1,0,0,0,0,0.0,7.0,6,0.0,0,0,0,0,0,0
DESKTOP-R5AI7OF$,0,0,0,12,0,0,0,0,0,0,0,0,0,0,0,0,0,0,0,0,0,0,0,0,0,0,0,0,0,0,0,0,0,0,0,0,0,0,0,0,7,0,0,1,0,0,0,0,0.0,7.0,6,0.0,0,0,0,0,0,0
DESKTOP-R5AI7OF$,0,0,1,2,0,0,0,0,0,0,0,0,0,0,0,0,0,0,0,0,0,0,0,0,0,0,0,0,0,0,0,0,0,0,0,0,0,0,0,0,7,0,0,1,0,0,0,0,0.0,7.0,6,0.0,0,0,0,0,0,0
DESKTOP-R5AI7OF$,0,0,0,3,0,0,0,0,0,0,0,0,0,0,0,0,0,0,0,0,0,0,0,0,0,0,0,0,0,0,0,0,0,0,0,0,0,0,0,0,7,0,0,1,0,0,0,0,0.0,7.0,6,0.0,0,0,0,0,0,0
DESKTOP-R5AI7OF$,0,0,0,6,0,0,0,0,0,0,0,0,0,0,0,0,0,0,0,0,0,0,0,0,0,0,0,0,0,0,0,0,0,0,0,0,0,0,0,0,7,0,0,1,0,0,0,0,0.0,7.0,6,0.0,0,0,0,0,0,0
DESKTOP-R5AI7OF$,0,0,1,14,0,0,0,0,0,0,0,0,0,0,0,0,0,0,0,0,0,0,0,0,0,0,0,0,0,0,0,0,0,0,0,0,0,0,0,0,7,0,0,1,0,0,0,0,0.0,7.0,6,0.0,0,0,0,0,0,0
DESKTOP-R5AI7OF$,0,0,1,8,0,0,0,0,0,0,0,0,0,0,0,0,0,0,0,0,0,0,0,0,0,0,0,0,0,0,0,0,0,0,0,0,0,0,0,0,7,0,0,1,0,0,0,0,0.0,7.0,6,0.0,0,0,0,0,0,0
DESKTOP-R5AI7OF$,0,0,0,8,0,0,0,0,0,0,0,0,0,0,0,0,0,0,0,0,0,0,0,0,0,0,0,0,0,0,0,0,0,0,0,0,0,0,0,0,7,0,0,1,0,0,0,0,0.0,7.0,6,0.0,0,0,0,0,0,0
DESKTOP-R5AI7OF$,0,0,0,14,0,0,0,0,0,0,0,0,0,0,0,0,0,0,0,0,0,0,0,0,0,0,0,0,0,0,0,0,0,0,0,0,0,0,0,0,7,0,0,1,0,0,0,0,0.0,7.0,6,0.0,0,0,0,0,0,0
DESKTOP-R5AI7OF$,0,0,1,11,0,0,0,0,0,0,0,0,0,0,0,0,0,0,0,0,0,0,0,0,0,0,0,0,0,0,0,0,0,0,0,0,0,0,0,0,7,0,0,1,0,0,0,0,0.0,7.0,6,0.0,0,0,0,0,0,0
DESKTOP-R5AI7OF$,0,0,1,9,0,0,0,0,0,0,0,0,0,0,0,0,0,0,0,0,0,0,0,0,0,0,0,0,0,0,0,0,0,0,0,0,0,0,0,0,7,0,0,1,0,0,0,0,0.0,7.0,6,0.0,0,0,0,0,0,0
DESKTOP-R5AI7OF$,0,0,1,8,0,0,0,0,0,0,0,0,0,0,0,0,0,0,0,0,0,0,0,0,0,0,0,0,0,0,0,0,0,0,0,0,0,0,0,0,7,0,0,1,0,0,0,0,0.0,7.0,6,0.0,0,0,0,0,0,0
DESKTOP-R5AI7OF$,0,0,0,4,0,0,0,0,0,0,0,0,0,0,0,0,0,0,0,0,0,0,0,0,0,0,0,0,0,0,0,0,0,0,0,0,0,0,0,0,7,0,0,1,0,0,0,0,0.0,7.0,6,0.0,0,0,0,0,0,0
DESKTOP-R5AI7OF$,0,0,1,5,0,0,0,0,0,0,0,0,0,0,0,0,0,0,0,0,0,0,0,0,0,0,0,0,0,0,0,0,0,0,0,0,0,0,0,0,7,0,0,1,0,0,0,0,0.0,7.0,6,0.0,0,0,0,0,0,0
DESKTOP-R5AI7OF$,0,0,0,5,0,0,0,0,0,0,0,0,0,0,0,0,0,0,0,0,0,0,0,0,0,0,0,0,0,0,0,0,0,0,0,0,0,0,0,0,7,0,0,1,0,0,0,0,0.0,7.0,6,0.0,0,0,0,0,0,0
DESKTOP-R5AI7OF$,0,0,0,11,0,0,0,0,0,0,0,0,0,0,0,0,0,0,0,0,0,0,0,0,0,0,0,0,0,0,0,0,0,0,0,0,0,0,0,0,7,0,0,1,0,0,0,0,0.0,7.0,6,0.0,0,0,0,0,0,0
DESKTOP-R5AI7OF$,0,0,0,10,0,0,0,0,0,0,0,0,0,0,0,0,0,0,0,0,0,0,0,0,0,0,0,0,0,0,0,0,0,0,0,0,0,0,0,0,7,0,0,1,0,0,0,0,0.0,7.0,6,0.0,0,0,0,0,0,0
DESKTOP-R5AI7OF$,0,0,0,4,0,0,0,0,0,0,0,0,0,0,0,0,0,0,0,0,0,0,0,0,0,0,0,0,0,0,0,0,0,0,0,0,0,0,0,0,7,0,0,1,0,0,0,0,0.0,7.0,6,0.0,0,0,0,0,0,0
DESKTOP-R5AI7OF$,0,0,1,11,0,0,0,0,0,0,0,0,0,0,0,0,0,0,0,0,0,0,0,0,0,0,0,0,0,0,0,0,0,0,0,0,0,0,0,0,7,0,0,1,0,0,0,0,0.0,7.0,6,0.0,0,0,0,0,0,0
DESKTOP-R5AI7OF$,0,0,0,4,0,0,0,0,0,0,0,0,0,0,0,0,0,0,0,0,0,0,0,0,0,0,0,0,0,0,0,0,0,0,0,0,0,0,0,0,7,0,0,1,0,0,0,0,0.0,7.0,6,0.0,0,0,0,0,0,0
DESKTOP-R5AI7OF$,0,0,0,14,0,0,0,0,0,0,0,0,0,0,0,0,0,0,0,0,0,0,0,0,0,0,0,0,0,0,0,0,0,0,0,0,0,0,0,0,7,0,0,1,0,0,0,0,0.0,7.0,6,0.0,0,0,0,0,0,0
DESKTOP-R5AI7OF$,0,0,0,6,0,0,0,0,0,0,0,0,0,0,0,0,0,0,0,0,0,0,0,0,0,0,0,0,0,0,0,0,0,0,0,0,0,0,0,0,7,0,0,1,0,0,0,0,0.0,7.0,6,0.0,0,0,0,0,0,0
DESKTOP-R5AI7OF$,0,0,0,7,0,0,0,0,0,0,0,0,0,0,0,0,0,0,0,0,0,0,0,0,0,0,0,0,0,0,0,0,0,0,0,0,0,0,0,0,7,0,0,1,0,0,0,0,0.0,7.0,6,0.0,0,0,0,0,0,0
DESKTOP-R5AI7OF$,0,0,1,6,0,0,0,0,0,0,0,0,0,0,0,0,0,0,0,0,0,0,0,0,0,0,0,0,0,0,0,0,0,0,0,0,0,0,0,0,7,0,0,1,0,0,0,0,0.0,7.0,6,0.0,0,0,0,0,0,0
DESKTOP-R5AI7OF$,0,0,0,12,0,0,0,0,0,0,0,0,0,0,0,0,0,0,0,0,0,0,0,0,0,0,0,0,0,0,0,0,0,0,0,0,0,0,0,0,7,0,0,1,0,0,0,0,0.0,7.0,6,0.0,0,0,0,0,0,0
DESKTOP-R5AI7OF$,0,0,1,3,0,0,0,0,0,0,0,0,0,0,0,0,0,0,0,0,0,0,0,0,0,0,0,0,0,0,0,0,0,0,0,0,0,0,0,0,7,0,0,1,0,0,0,0,0.0,7.0,6,0.0,0,0,0,0,0,0
DESKTOP-R5AI7OF$,0,0,1,7,0,0,0,0,0,0,0,0,0,0,0,0,0,0,0,0,0,0,0,0,0,0,0,0,0,0,0,0,0,0,0,0,0,0,0,0,7,0,0,1,0,0,0,0,0.0,7.0,6,0.0,0,0,0,0,0,0
DESKTOP-R5AI7OF$,0,0,0,2,0,0,0,0,0,0,0,0,0,0,0,0,0,0,0,0,0,0,0,0,0,0,0,0,0,0,0,0,0,0,0,0,0,0,0,0,7,0,0,1,0,0,0,0,0.0,7.0,6,0.0,0,0,0,0,0,0
DESKTOP-R5AI7OF$,0,0,0,7,0,0,0,0,0,0,0,0,0,0,0,0,0,0,0,0,0,0,0,0,0,0,0,0,0,0,0,0,0,0,0,0,0,0,0,0,7,0,0,1,0,0,0,0,0.0,7.0,6,0.0,0,0,0,0,0,0
DESKTOP-R5AI7OF$,0,0,0,13,0,0,0,0,0,0,0,0,0,0,0,0,0,0,0,0,0,0,0,0,0,0,0,0,0,0,0,0,0,0,0,0,0,0,0,0,7,0,0,1,0,0,0,0,0.0,7.0,6,0.0,0,0,0,0,0,0
DESKTOP-R5AI7OF$,0,0,0,9,0,0,0,0,0,0,0,0,0,0,0,0,0,0,0,0,0,0,0,0,0,0,0,0,0,0,0,0,0,0,0,0,0,0,0,0,7,0,0,1,0,0,0,0,0.0,7.0,6,0.0,0,0,0,0,0,0
DESKTOP-R5AI7OF$,0,0,0,12,0,0,0,0,0,0,0,0,0,0,0,0,0,0,0,0,0,0,0,0,0,0,0,0,0,0,0,0,0,0,0,0,0,0,0,0,7,0,0,1,0,0,0,0,0.0,7.0,6,0.0,0,0,0,0,0,0
DESKTOP-R5AI7OF$,0,0,0,11,0,0,0,0,0,0,0,0,0,0,0,0,0,0,0,0,0,0,0,0,0,0,0,0,0,0,0,0,0,0,0,0,0,0,0,0,7,0,0,1,0,0,0,0,0.0,7.0,6,0.0,0,0,0,0,0,0
DESKTOP-R5AI7OF$,0,0,1,9,0,0,0,0,0,0,0,0,0,0,0,0,0,0,0,0,0,0,0,0,0,0,0,0,0,0,0,0,0,0,0,0,0,0,0,0,7,0,0,1,0,0,0,0,0.0,7.0,6,0.0,0,0,0,0,0,0
DESKTOP-R5AI7OF$,0,0,0,8,0,0,0,0,0,0,0,0,0,0,0,0,0,0,0,0,0,0,0,0,0,0,0,0,0,0,0,0,0,0,0,0,0,0,0,0,7,0,0,1,0,0,0,0,0.0,7.0,6,0.0,0,0,0,0,0,0
DESKTOP-R5AI7OF$,0,0,0,4,0,0,0,0,0,0,0,0,0,0,0,0,0,0,0,0,0,0,0,0,0,0,0,0,0,0,0,0,0,0,0,0,0,0,0,0,7,0,0,1,0,0,0,0,0.0,7.0,6,0.0,0,0,0,0,0,0
DESKTOP-R5AI7OF$,0,0,1,12,0,0,0,0,0,0,0,0,0,0,0,0,0,0,0,0,0,0,0,0,0,0,0,0,0,0,0,0,0,0,0,0,0,0,0,0,7,0,0,1,0,0,0,0,0.0,7.0,6,0.0,0,0,0,0,0,0
DESKTOP-R5AI7OF$,0,0,0,11,0,0,0,0,0,0,0,0,0,0,0,0,0,0,0,0,0,0,0,0,0,0,0,0,0,0,0,0,0,0,0,0,0,0,0,0,7,0,0,1,0,0,0,0,0.0,7.0,6,0.0,0,0,0,0,0,0
DESKTOP-R5AI7OF$,0,0,1,8,0,0,0,0,0,0,0,0,0,0,0,0,0,0,0,0,0,0,0,0,0,0,0,0,0,0,0,0,0,0,0,0,0,0,0,0,7,0,0,1,0,0,0,0,0.0,7.0,6,0.0,0,0,0,0,0,0
DESKTOP-R5AI7OF$,0,0,0,2,0,0,0,0,0,0,0,0,0,0,0,0,0,0,0,0,0,0,0,0,0,0,0,0,0,0,0,0,0,0,0,0,0,0,0,0,7,0,0,1,0,0,0,0,0.0,7.0,6,0.0,0,0,0,0,0,0
DESKTOP-R5AI7OF$,0,0,0,2,0,0,0,0,0,0,0,0,0,0,0,0,0,0,0,0,0,0,0,0,0,0,0,0,0,0,0,0,0,0,0,0,0,0,0,0,7,0,0,1,0,0,0,0,0.0,7.0,6,0.0,0,0,0,0,0,0
DESKTOP-R5AI7OF$,0,0,1,4,0,0,0,0,0,0,0,0,0,0,0,0,0,0,0,0,0,0,0,0,0,0,0,0,0,0,0,0,0,0,0,0,0,0,0,0,7,0,0,1,0,0,0,0,0.0,7.0,6,0.0,0,0,0,0,0,0
DESKTOP-R5AI7OF$,0,0,1,3,0,0,0,0,0,0,0,0,0,0,0,0,0,0,0,0,0,0,0,0,0,0,0,0,0,0,0,0,0,0,0,0,0,0,0,0,7,0,0,1,0,0,0,0,0.0,7.0,6,0.0,0,0,0,0,0,0
DESKTOP-R5AI7OF$,0,0,0,9,0,0,0,0,0,0,0,0,0,0,0,0,0,0,0,0,0,0,0,0,0,0,0,0,0,0,0,0,0,0,0,0,0,0,0,0,7,0,0,1,0,0,0,0,0.0,7.0,6,0.0,0,0,0,0,0,0
DESKTOP-R5AI7OF$,0,0,1,11,0,0,0,0,0,0,0,0,0,0,0,0,0,0,0,0,0,0,0,0,0,0,0,0,0,0,0,0,0,0,0,0,0,0,0,0,7,0,0,1,0,0,0,0,0.0,7.0,6,0.0,0,0,0,0,0,0
DESKTOP-R5AI7OF$,0,0,1,8,0,0,0,0,0,0,0,0,0,0,0,0,0,0,0,0,0,0,0,0,0,0,0,0,0,0,0,0,0,0,0,0,0,0,0,0,7,0,0,1,0,0,0,0,0.0,7.0,6,0.0,0,0,0,0,0,0
DESKTOP-R5AI7OF$,0,0,1,12,0,0,0,0,0,0,0,0,0,0,0,0,0,0,0,0,0,0,0,0,0,0,0,0,0,0,0,0,0,0,0,0,0,0,0,0,7,0,0,1,0,0,0,0,0.0,7.0,6,0.0,0,0,0,0,0,0
DESKTOP-R5AI7OF$,0,0,0,3,0,0,0,0,0,0,0,0,0,0,0,0,0,0,0,0,0,0,0,0,0,0,0,0,0,0,0,0,0,0,0,0,0,0,0,0,7,0,0,1,0,0,0,0,0.0,7.0,6,0.0,0,0,0,0,0,0
DESKTOP-R5AI7OF$,0,0,0,11,0,0,0,0,0,0,0,0,0,0,0,0,0,0,0,0,0,0,0,0,0,0,0,0,0,0,0,0,0,0,0,0,0,0,0,0,7,0,0,1,0,0,0,0,0.0,7.0,6,0.0,0,0,0,0,0,0
DESKTOP-R5AI7OF$,0,0,0,10,0,0,0,0,0,0,0,0,0,0,0,0,0,0,0,0,0,0,0,0,0,0,0,0,0,0,0,0,0,0,0,0,0,0,0,0,7,0,0,1,0,0,0,0,0.0,7.0,6,0.0,0,0,0,0,0,0
DESKTOP-R5AI7OF$,0,0,0,3,0,0,0,0,0,0,0,0,0,0,0,0,0,0,0,0,0,0,0,0,0,0,0,0,0,0,0,0,0,0,0,0,0,0,0,0,7,0,0,1,0,0,0,0,0.0,7.0,6,0.0,0,0,0,0,0,0
DESKTOP-R5AI7OF$,0,0,1,5,0,0,0,0,0,0,0,0,0,0,0,0,0,0,0,0,0,0,0,0,0,0,0,0,0,0,0,0,0,0,0,0,0,0,0,0,7,0,0,1,0,0,0,0,0.0,7.0,6,0.0,0,0,0,0,0,0
DESKTOP-R5AI7OF$,0,0,0,8,0,0,0,0,0,0,0,0,0,0,0,0,0,0,0,0,0,0,0,0,0,0,0,0,0,0,0,0,0,0,0,0,0,0,0,0,7,0,0,1,0,0,0,0,0.0,7.0,6,0.0,0,0,0,0,0,0
DESKTOP-R5AI7OF$,0,0,0,6,0,0,0,0,0,0,0,0,0,0,0,0,0,0,0,0,0,0,0,0,0,0,0,0,0,0,0,0,0,0,0,0,0,0,0,0,7,0,0,1,0,0,0,0,0.0,7.0,6,0.0,0,0,0,0,0,0
DESKTOP-R5AI7OF$,0,0,0,14,0,0,0,0,0,0,0,0,0,0,0,0,0,0,0,0,0,0,0,0,0,0,0,0,0,0,0,0,0,0,0,0,0,0,0,0,7,0,0,1,0,0,0,0,0.0,7.0,6,0.0,0,0,0,0,0,0
DESKTOP-R5AI7OF$,0,0,0,3,0,0,0,0,0,0,0,0,0,0,0,0,0,0,0,0,0,0,0,0,0,0,0,0,0,0,0,0,0,0,0,0,0,0,0,0,7,0,0,1,0,0,0,0,0.0,7.0,6,0.0,0,0,0,0,0,0
DESKTOP-R5AI7OF$,0,0,1,6,0,0,0,0,0,0,0,0,0,0,0,0,0,0,0,0,0,0,0,0,0,0,0,0,0,0,0,0,0,0,0,0,0,0,0,0,7,0,0,1,0,0,0,0,0.0,7.0,6,0.0,0,0,0,0,0,0
DESKTOP-R5AI7OF$,0,0,0,13,0,0,0,0,0,0,0,0,0,0,0,0,0,0,0,0,0,0,0,0,0,0,0,0,0,0,0,0,0,0,0,0,0,0,0,0,7,0,0,1,0,0,0,0,0.0,7.0,6,0.0,0,0,0,0,0,0
DESKTOP-R5AI7OF$,0,0,0,9,0,0,0,0,0,0,0,0,0,0,0,0,0,0,0,0,0,0,0,0,0,0,0,0,0,0,0,0,0,0,0,0,0,0,0,0,7,0,0,1,0,0,0,0,0.0,7.0,6,0.0,0,0,0,0,0,0
DESKTOP-R5AI7OF$,0,0,0,10,0,0,0,0,0,0,0,0,0,0,0,0,0,0,0,0,0,0,0,0,0,0,0,0,0,0,0,0,0,0,0,0,0,0,0,0,7,0,0,1,0,0,0,0,0.0,7.0,6,0.0,0,0,0,0,0,0
DESKTOP-R5AI7OF$,0,0,1,10,0,0,0,0,0,0,0,0,0,0,0,0,0,0,0,0,0,0,0,0,0,0,0,0,0,0,0,0,0,0,0,0,0,0,0,0,7,0,0,1,0,0,0,0,0.0,7.0,6,0.0,0,0,0,0,0,0
DESKTOP-R5AI7OF$,0,0,1,9,0,0,0,0,0,0,0,0,0,0,0,0,0,0,0,0,0,0,0,0,0,0,0,0,0,0,0,0,0,0,0,0,0,0,0,0,7,0,0,1,0,0,0,0,0.0,7.0,6,0.0,0,0,0,0,0,0
DESKTOP-R5AI7OF$,0,0,0,13,0,0,0,0,0,0,0,0,0,0,0,0,0,0,0,0,0,0,0,0,0,0,0,0,0,0,0,0,0,0,0,0,0,0,0,0,7,0,0,1,0,0,0,0,0.0,7.0,6,0.0,0,0,0,0,0,0
DESKTOP-R5AI7OF$,0,0,0,12,0,0,0,0,0,0,0,0,0,0,0,0,0,0,0,0,0,0,0,0,0,0,0,0,0,0,0,0,0,0,0,0,0,0,0,0,7,0,0,1,0,0,0,0,0.0,7.0,6,0.0,0,0,0,0,0,0
DESKTOP-R5AI7OF$,0,0,0,4,0,0,0,0,0,0,0,0,0,0,0,0,0,0,0,0,0,0,0,0,0,0,0,0,0,0,0,0,0,0,0,0,0,0,0,0,7,0,0,1,0,0,0,0,0.0,7.0,6,0.0,0,0,0,0,0,0
DESKTOP-R5AI7OF$,0,0,0,3,0,0,0,0,0,0,0,0,0,0,0,0,0,0,0,0,0,0,0,0,0,0,0,0,0,0,0,0,0,0,0,0,0,0,0,0,7,0,0,1,0,0,0,0,0.0,7.0,6,0.0,0,0,0,0,0,0
DESKTOP-R5AI7OF$,0,0,0,2,0,0,0,0,0,0,0,0,0,0,0,0,0,0,0,0,0,0,0,0,0,0,0,0,0,0,0,0,0,0,0,0,0,0,0,0,7,0,0,1,0,0,0,0,0.0,7.0,6,0.0,0,0,0,0,0,0
DESKTOP-R5AI7OF$,0,0,0,14,0,0,0,0,0,0,0,0,0,0,0,0,0,0,0,0,0,0,0,0,0,0,0,0,0,0,0,0,0,0,0,0,0,0,0,0,7,0,0,1,0,0,0,0,0.0,7.0,6,0.0,0,0,0,0,0,0
DESKTOP-R5AI7OF$,0,0,0,10,0,0,0,0,0,0,0,0,0,0,0,0,0,0,0,0,0,0,0,0,0,0,0,0,0,0,0,0,0,0,0,0,0,0,0,0,7,0,0,1,0,0,0,0,0.0,7.0,6,0.0,0,0,0,0,0,0
DESKTOP-R5AI7OF$,0,0,1,13,0,0,0,0,0,0,0,0,0,0,0,0,0,0,0,0,0,0,0,0,0,0,0,0,0,0,0,0,0,0,0,0,0,0,0,0,7,0,0,1,0,0,0,0,0.0,7.0,6,0.0,0,0,0,0,0,0
DESKTOP-R5AI7OF$,0,0,0,12,0,0,0,0,0,0,0,0,0,0,0,0,0,0,0,0,0,0,0,0,0,0,0,0,0,0,0,0,0,0,0,0,0,0,0,0,7,0,0,1,0,0,0,0,0.0,7.0,6,0.0,0,0,0,0,0,0
DESKTOP-R5AI7OF$,0,0,0,13,0,0,0,0,0,0,0,0,0,0,0,0,0,0,0,0,0,0,0,0,0,0,0,0,0,0,0,0,0,0,0,0,0,0,0,0,7,0,0,1,0,0,0,0,0.0,7.0,6,0.0,0,0,0,0,0,0
DESKTOP-R5AI7OF$,0,0,0,12,0,0,0,0,0,0,0,0,0,0,0,0,0,0,0,0,0,0,0,0,0,0,0,0,0,0,0,0,0,0,0,0,0,0,0,0,7,0,0,1,0,0,0,0,0.0,7.0,6,0.0,0,0,0,0,0,0
DESKTOP-R5AI7OF$,0,0,1,10,0,0,0,0,0,0,0,0,0,0,0,0,0,0,0,0,0,0,0,0,0,0,0,0,0,0,0,0,0,0,0,0,0,0,0,0,7,0,0,1,0,0,0,0,0.0,7.0,6,0.0,0,0,0,0,0,0
DESKTOP-R5AI7OF$,0,0,1,14,0,0,0,0,0,0,0,0,0,0,0,0,0,0,0,0,0,0,0,0,0,0,0,0,0,0,0,0,0,0,0,0,0,0,0,0,7,0,0,1,0,0,0,0,0.0,7.0,6,0.0,0,0,0,0,0,0
DESKTOP-R5AI7OF$,0,0,0,5,0,0,0,0,0,0,0,0,0,0,0,0,0,0,0,0,0,0,0,0,0,0,0,0,0,0,0,0,0,0,0,0,0,0,0,0,7,0,0,1,0,0,0,0,0.0,7.0,6,0.0,0,0,0,0,0,0
DESKTOP-R5AI7OF$,0,0,1,14,0,0,0,0,0,0,0,0,0,0,0,0,0,0,0,0,0,0,0,0,0,0,0,0,0,0,0,0,0,0,0,0,0,0,0,0,7,0,0,1,0,0,0,0,0.0,7.0,6,0.0,0,0,0,0,0,0
DESKTOP-R5AI7OF$,0,0,1,6,0,0,0,0,0,0,0,0,0,0,0,0,0,0,0,0,0,0,0,0,0,0,0,0,0,0,0,0,0,0,0,0,0,0,0,0,7,0,0,1,0,0,0,0,0.0,7.0,6,0.0,0,0,0,0,0,0
DESKTOP-R5AI7OF$,0,0,0,5,0,0,0,0,0,0,0,0,0,0,0,0,0,0,0,0,0,0,0,0,0,0,0,0,0,0,0,0,0,0,0,0,0,0,0,0,7,0,0,1,0,0,0,0,0.0,7.0,6,0.0,0,0,0,0,0,0
DESKTOP-R5AI7OF$,0,0,0,14,0,0,0,0,0,0,0,0,0,0,0,0,0,0,0,0,0,0,0,0,0,0,0,0,0,0,0,0,0,0,0,0,0,0,0,0,7,0,0,1,0,0,0,0,0.0,7.0,6,0.0,0,0,0,0,0,0
DESKTOP-R5AI7OF$,0,0,0,10,0,0,0,0,0,0,0,0,0,0,0,0,0,0,0,0,0,0,0,0,0,0,0,0,0,0,0,0,0,0,0,0,0,0,0,0,7,0,0,1,0,0,0,0,0.0,7.0,6,0.0,0,0,0,0,0,0
DESKTOP-R5AI7OF$,0,0,1,12,0,0,0,0,0,0,0,0,0,0,0,0,0,0,0,0,0,0,0,0,0,0,0,0,0,0,0,0,0,0,0,0,0,0,0,0,7,0,0,1,0,0,0,0,0.0,7.0,6,0.0,0,0,0,0,0,0
DESKTOP-R5AI7OF$,0,0,1,3,0,0,0,0,0,0,0,0,0,0,0,0,0,0,0,0,0,0,0,0,0,0,0,0,0,0,0,0,0,0,0,0,0,0,0,0,7,0,0,1,0,0,0,0,0.0,7.0,6,0.0,0,0,0,0,0,0
DESKTOP-R5AI7OF$,0,0,0,4,0,0,0,0,0,0,0,0,0,0,0,0,0,0,0,0,0,0,0,0,0,0,0,0,0,0,0,0,0,0,0,0,0,0,0,0,7,0,0,1,0,0,0,0,0.0,7.0,6,0.0,0,0,0,0,0,0
DESKTOP-R5AI7OF$,0,0,1,6,0,0,0,0,0,0,0,0,0,0,0,0,0,0,0,0,0,0,0,0,0,0,0,0,0,0,0,0,0,0,0,0,0,0,0,0,7,0,0,1,0,0,0,0,0.0,7.0,6,0.0,0,0,0,0,0,0
DESKTOP-R5AI7OF$,0,0,0,11,0,0,0,0,0,0,0,0,0,0,0,0,0,0,0,0,0,0,0,0,0,0,0,0,0,0,0,0,0,0,0,0,0,0,0,0,7,0,0,1,0,0,0,0,0.0,7.0,6,0.0,0,0,0,0,0,0
DESKTOP-R5AI7OF$,0,0,1,4,0,0,0,0,0,0,0,0,0,0,0,0,0,0,0,0,0,0,0,0,0,0,0,0,0,0,0,0,0,0,0,0,0,0,0,0,7,0,0,1,0,0,0,0,0.0,7.0,6,0.0,0,0,0,0,0,0
DESKTOP-R5AI7OF$,0,0,0,14,0,0,0,0,0,0,0,0,0,0,0,0,0,0,0,0,0,0,0,0,0,0,0,0,0,0,0,0,0,0,0,0,0,0,0,0,7,0,0,1,0,0,0,0,0.0,7.0,6,0.0,0,0,0,0,0,0
DESKTOP-R5AI7OF$,0,0,0,10,0,0,0,0,0,0,0,0,0,0,0,0,0,0,0,0,0,0,0,0,0,0,0,0,0,0,0,0,0,0,0,0,0,0,0,0,7,0,0,1,0,0,0,0,0.0,7.0,6,0.0,0,0,0,0,0,0
DESKTOP-R5AI7OF$,0,0,0,9,0,0,0,0,0,0,0,0,0,0,0,0,0,0,0,0,0,0,0,0,0,0,0,0,0,0,0,0,0,0,0,0,0,0,0,0,7,0,0,1,0,0,0,0,0.0,7.0,6,0.0,0,0,0,0,0,0
DESKTOP-R5AI7OF$,0,0,0,6,0,0,0,0,0,0,0,0,0,0,0,0,0,0,0,0,0,0,0,0,0,0,0,0,0,0,0,0,0,0,0,0,0,0,0,0,7,0,0,1,0,0,0,0,0.0,7.0,6,0.0,0,0,0,0,0,0
DESKTOP-R5AI7OF$,0,0,0,3,0,0,0,0,0,0,0,0,0,0,0,0,0,0,0,0,0,0,0,0,0,0,0,0,0,0,0,0,0,0,0,0,0,0,0,0,7,0,0,1,0,0,0,0,0.0,7.0,6,0.0,0,0,0,0,0,0
DESKTOP-R5AI7OF$,0,0,0,13,0,0,0,0,0,0,0,0,0,0,0,0,0,0,0,0,0,0,0,0,0,0,0,0,0,0,0,0,0,0,0,0,0,0,0,0,7,0,0,1,0,0,0,0,0.0,7.0,6,0.0,0,0,0,0,0,0
DESKTOP-R5AI7OF$,0,0,0,2,0,0,0,0,0,0,0,0,0,0,0,0,0,0,0,0,0,0,0,0,0,0,0,0,0,0,0,0,0,0,0,0,0,0,0,0,7,0,0,1,0,0,0,0,0.0,7.0,6,0.0,0,0,0,0,0,0
DESKTOP-R5AI7OF$,0,0,0,6,0,0,0,0,0,0,0,0,0,0,0,0,0,0,0,0,0,0,0,0,0,0,0,0,0,0,0,0,0,0,0,0,0,0,0,0,7,0,0,1,0,0,0,0,0.0,7.0,6,0.0,0,0,0,0,0,0
DESKTOP-R5AI7OF$,0,0,0,13,0,0,0,0,0,0,0,0,0,0,0,0,0,0,0,0,0,0,0,0,0,0,0,0,0,0,0,0,0,0,0,0,0,0,0,0,7,0,0,1,0,0,0,0,0.0,7.0,6,0.0,0,0,0,0,0,0
DESKTOP-R5AI7OF$,0,0,1,8,0,0,0,0,0,0,0,0,0,0,0,0,0,0,0,0,0,0,0,0,0,0,0,0,0,0,0,0,0,0,0,0,0,0,0,0,7,0,0,1,0,0,0,0,0.0,7.0,6,0.0,0,0,0,0,0,0
DESKTOP-R5AI7OF$,0,0,0,2,0,0,0,0,0,0,0,0,0,0,0,0,0,0,0,0,0,0,0,0,0,0,0,0,0,0,0,0,0,0,0,0,0,0,0,0,7,0,0,1,0,0,0,0,0.0,7.0,6,0.0,0,0,0,0,0,0
DESKTOP-R5AI7OF$,0,0,0,12,0,0,0,0,0,0,0,0,0,0,0,0,0,0,0,0,0,0,0,0,0,0,0,0,0,0,0,0,0,0,0,0,0,0,0,0,7,0,0,1,0,0,0,0,0.0,7.0,6,0.0,0,0,0,0,0,0
DESKTOP-R5AI7OF$,0,0,0,9,0,0,0,0,0,0,0,0,0,0,0,0,0,0,0,0,0,0,0,0,0,0,0,0,0,0,0,0,0,0,0,0,0,0,0,0,7,0,0,1,0,0,0,0,0.0,7.0,6,0.0,0,0,0,0,0,0
DESKTOP-R5AI7OF$,0,0,1,3,0,0,0,0,0,0,0,0,0,0,0,0,0,0,0,0,0,0,0,0,0,0,0,0,0,0,0,0,0,0,0,0,0,0,0,0,7,0,0,1,0,0,0,0,0.0,7.0,6,0.0,0,0,0,0,0,0
DESKTOP-R5AI7OF$,0,0,0,14,0,0,0,0,0,0,0,0,0,0,0,0,0,0,0,0,0,0,0,0,0,0,0,0,0,0,0,0,0,0,0,0,0,0,0,0,7,0,0,1,0,0,0,0,0.0,7.0,6,0.0,0,0,0,0,0,0
DESKTOP-R5AI7OF$,0,0,0,11,0,0,0,0,0,0,0,0,0,0,0,0,0,0,0,0,0,0,0,0,0,0,0,0,0,0,0,0,0,0,0,0,0,0,0,0,7,0,0,1,0,0,0,0,0.0,7.0,6,0.0,0,0,0,0,0,0
DESKTOP-R5AI7OF$,0,0,1,13,0,0,0,0,0,0,0,0,0,0,0,0,0,0,0,0,0,0,0,0,0,0,0,0,0,0,0,0,0,0,0,0,0,0,0,0,7,0,0,1,0,0,0,0,0.0,7.0,6,0.0,0,0,0,0,0,0
DESKTOP-R5AI7OF$,0,0,0,2,0,0,0,0,0,0,0,0,0,0,0,0,0,0,0,0,0,0,0,0,0,0,0,0,0,0,0,0,0,0,0,0,0,0,0,0,7,0,0,1,0,0,0,0,0.0,7.0,6,0.0,0,0,0,0,0,0
DESKTOP-R5AI7OF$,0,0,0,54,0,0,0,0,0,0,0,0,0,0,0,0,0,0,0,0,0,0,0,0,0,0,0,0,0,0,0,0,0,0,0,0,0,0,0,0,54,0,0,2,1,0,0,0,0.0,27.0,17,0.0,0,0,0,0,0,0
DESKTOP-R5AI7OF$,0,0,1,61,0,0,0,0,0,0,0,0,0,0,0,0,0,0,0,0,0,0,0,0,0,0,0,0,0,0,0,0,0,0,0,0,0,0,0,0,54,0,0,2,1,0,0,0,0.0,27.0,17,0.0,0,0,0,0,0,0
DESKTOP-R5AI7OF$,0,0,0,104,0,0,0,0,0,0,0,0,0,0,0,0,0,0,0,0,0,0,0,0,0,0,0,0,0,0,0,0,0,0,0,0,0,0,0,0,54,0,0,2,1,0,0,0,0.0,27.0,17,0.0,0,0,0,0,0,0
DESKTOP-R5AI7OF$,0,0,1,87,0,0,0,0,0,0,0,0,0,0,0,0,0,0,0,0,0,0,0,0,0,0,0,0,0,0,0,0,0,0,0,0,0,0,0,0,54,0,0,2,1,0,0,0,0.0,27.0,17,0.0,0,0,0,0,0,0
DESKTOP-R5AI7OF$,0,0,1,43,0,0,0,0,0,0,0,0,0,0,0,0,0,0,0,0,0,0,0,0,0,0,0,0,0,0,0,0,0,0,0,0,0,0,0,0,54,0,0,2,1,0,0,0,0.0,27.0,17,0.0,0,0,0,0,0,0
DESKTOP-R5AI7OF$,0,0,1,110,0,0,0,0,0,0,0,0,0,0,0,0,0,0,0,0,0,0,0,0,0,0,0,0,0,0,0,0,0,0,0,0,0,0,0,0,54,0,0,2,1,0,0,0,0.0,27.0,17,0.0,0,0,0,0,0,0
DESKTOP-R5AI7OF$,0,0,1,70,0,0,0,0,0,0,0,0,0,0,0,0,0,0,0,0,0,0,0,0,0,0,0,0,0,0,0,0,0,0,0,0,0,0,0,0,54,0,0,2,1,0,0,0,0.0,27.0,17,0.0,0,0,0,0,0,0
DESKTOP-R5AI7OF$,0,0,1,64,0,0,0,0,0,0,0,0,0,0,0,0,0,0,0,0,0,0,0,0,0,0,0,0,0,0,0,0,0,0,0,0,0,0,0,0,54,0,0,2,1,0,0,0,0.0,27.0,17,0.0,0,0,0,0,0,0
DESKTOP-R5AI7OF$,0,0,0,61,0,0,0,0,0,0,0,0,0,0,0,0,0,0,0,0,0,0,0,0,0,0,0,0,0,0,0,0,0,0,0,0,0,0,0,0,54,0,0,2,1,0,0,0,0.0,27.0,17,0.0,0,0,0,0,0,0
DESKTOP-R5AI7OF$,0,0,1,107,0,0,0,0,0,0,0,0,0,0,0,0,0,0,0,0,0,0,0,0,0,0,0,0,0,0,0,0,0,0,0,0,0,0,0,0,54,0,0,2,1,0,0,0,0.0,27.0,17,0.0,0,0,0,0,0,0
DESKTOP-R5AI7OF$,0,0,0,89,0,0,0,0,0,0,0,0,0,0,0,0,0,0,0,0,0,0,0,0,0,0,0,0,0,0,0,0,0,0,0,0,0,0,0,0,54,0,0,2,1,0,0,0,0.0,27.0,17,0.0,0,0,0,0,0,0
DESKTOP-R5AI7OF$,0,0,0,74,0,0,0,0,0,0,0,0,0,0,0,0,0,0,0,0,0,0,0,0,0,0,0,0,0,0,0,0,0,0,0,0,0,0,0,0,54,0,0,2,1,0,0,0,0.0,27.0,17,0.0,0,0,0,0,0,0
DESKTOP-R5AI7OF$,0,0,0,56,0,0,0,0,0,0,0,0,0,0,0,0,0,0,0,0,0,0,0,0,0,0,0,0,0,0,0,0,0,0,0,0,0,0,0,0,54,0,0,2,1,0,0,0,0.0,27.0,17,0.0,0,0,0,0,0,0
DESKTOP-R5AI7OF$,0,0,0,86,0,0,0,0,0,0,0,0,0,0,0,0,0,0,0,0,0,0,0,0,0,0,0,0,0,0,0,0,0,0,0,0,0,0,0,0,54,0,0,2,1,0,0,0,0.0,27.0,17,0.0,0,0,0,0,0,0
DESKTOP-R5AI7OF$,0,0,1,36,0,0,0,0,0,0,0,0,0,0,0,0,0,0,0,0,0,0,0,0,0,0,0,0,0,0,0,0,0,0,0,0,0,0,0,0,54,0,0,2,1,0,0,0,0.0,27.0,17,0.0,0,0,0,0,0,0
DESKTOP-R5AI7OF$,0,0,1,115,0,0,0,0,0,0,0,0,0,0,0,0,0,0,0,0,0,0,0,0,0,0,0,0,0,0,0,0,0,0,0,0,0,0,0,0,54,0,0,2,1,0,0,0,0.0,27.0,17,0.0,0,0,0,0,0,0
DESKTOP-R5AI7OF$,0,0,1,96,0,0,0,0,0,0,0,0,0,0,0,0,0,0,0,0,0,0,0,0,0,0,0,0,0,0,0,0,0,0,0,0,0,0,0,0,54,0,0,2,1,0,0,0,0.0,27.0,17,0.0,0,0,0,0,0,0
DESKTOP-R5AI7OF$,0,0,0,99,0,0,0,0,0,0,0,0,0,0,0,0,0,0,0,0,0,0,0,0,0,0,0,0,0,0,0,0,0,0,0,0,0,0,0,0,54,0,0,2,1,0,0,0,0.0,27.0,17,0.0,0,0,0,0,0,0
DESKTOP-R5AI7OF$,0,0,0,43,0,0,0,0,0,0,0,0,0,0,0,0,0,0,0,0,0,0,0,0,0,0,0,0,0,0,0,0,0,0,0,0,0,0,0,0,54,0,0,2,1,0,0,0,0.0,27.0,17,0.0,0,0,0,0,0,0
DESKTOP-R5AI7OF$,0,0,0,87,0,0,0,0,0,0,0,0,0,0,0,0,0,0,0,0,0,0,0,0,0,0,0,0,0,0,0,0,0,0,0,0,0,0,0,0,54,0,0,2,1,0,0,0,0.0,27.0,17,0.0,0,0,0,0,0,0
DESKTOP-R5AI7OF$,0,0,1,66,0,0,0,0,0,0,0,0,0,0,0,0,0,0,0,0,0,0,0,0,0,0,0,0,0,0,0,0,0,0,0,0,0,0,0,0,54,0,0,2,1,0,0,0,0.0,27.0,17,0.0,0,0,0,0,0,0
DESKTOP-R5AI7OF$,0,0,0,59,0,0,0,0,0,0,0,0,0,0,0,0,0,0,0,0,0,0,0,0,0,0,0,0,0,0,0,0,0,0,0,0,0,0,0,0,54,0,0,2,1,0,0,0,0.0,27.0,17,0.0,0,0,0,0,0,0
DESKTOP-R5AI7OF$,0,0,0,28,0,0,0,0,0,0,0,0,0,0,0,0,0,0,0,0,0,0,0,0,0,0,0,0,0,0,0,0,0,0,0,0,0,0,0,0,54,0,0,2,1,0,0,0,0.0,27.0,17,0.0,0,0,0,0,0,0
DESKTOP-R5AI7OF$,0,0,0,23,0,0,0,0,0,0,0,0,0,0,0,0,0,0,0,0,0,0,0,0,0,0,0,0,0,0,0,0,0,0,0,0,0,0,0,0,54,0,0,2,1,0,0,0,0.0,27.0,17,0.0,0,0,0,0,0,0
DESKTOP-R5AI7OF$,0,0,1,105,0,0,0,0,0,0,0,0,0,0,0,0,0,0,0,0,0,0,0,0,0,0,0,0,0,0,0,0,0,0,0,0,0,0,0,0,54,0,0,2,1,0,0,0,0.0,27.0,17,0.0,0,0,0,0,0,0
DESKTOP-R5AI7OF$,0,0,0,33,0,0,0,0,0,0,0,0,0,0,0,0,0,0,0,0,0,0,0,0,0,0,0,0,0,0,0,0,0,0,0,0,0,0,0,0,54,0,0,2,1,0,0,0,0.0,27.0,17,0.0,0,0,0,0,0,0
DESKTOP-R5AI7OF$,0,0,0,62,0,0,0,0,0,0,0,0,0,0,0,0,0,0,0,0,0,0,0,0,0,0,0,0,0,0,0,0,0,0,0,0,0,0,0,0,54,0,0,2,1,0,0,0,0.0,27.0,17,0.0,0,0,0,0,0,0
DESKTOP-R5AI7OF$,0,0,0,29,0,0,0,0,0,0,0,0,0,0,0,0,0,0,0,0,0,0,0,0,0,0,0,0,0,0,0,0,0,0,0,0,0,0,0,0,54,0,0,2,1,0,0,0,0.0,27.0,17,0.0,0,0,0,0,0,0
DESKTOP-R5AI7OF$,0,0,1,42,0,0,0,0,0,0,0,0,0,0,0,0,0,0,0,0,0,0,0,0,0,0,0,0,0,0,0,0,0,0,0,0,0,0,0,0,54,0,0,2,1,0,0,0,0.0,27.0,17,0.0,0,0,0,0,0,0
DESKTOP-R5AI7OF$,0,0,0,84,0,0,0,0,0,0,0,0,0,0,0,0,0,0,0,0,0,0,0,0,0,0,0,0,0,0,0,0,0,0,0,0,0,0,0,0,54,0,0,2,1,0,0,0,0.0,27.0,17,0.0,0,0,0,0,0,0
DESKTOP-R5AI7OF$,0,0,1,48,0,0,0,0,0,0,0,0,0,0,0,0,0,0,0,0,0,0,0,0,0,0,0,0,0,0,0,0,0,0,0,0,0,0,0,0,54,0,0,2,1,0,0,0,0.0,27.0,17,0.0,0,0,0,0,0,0
DESKTOP-R5AI7OF$,0,0,0,104,0,0,0,0,0,0,0,0,0,0,0,0,0,0,0,0,0,0,0,0,0,0,0,0,0,0,0,0,0,0,0,0,0,0,0,0,54,0,0,2,1,0,0,0,0.0,27.0,17,0.0,0,0,0,0,0,0
DESKTOP-R5AI7OF$,0,0,0,29,0,0,0,0,0,0,0,0,0,0,0,0,0,0,0,0,0,0,0,0,0,0,0,0,0,0,0,0,0,0,0,0,0,0,0,0,54,0,0,2,1,0,0,0,0.0,27.0,17,0.0,0,0,0,0,0,0
DESKTOP-R5AI7OF$,0,0,1,26,0,0,0,0,0,0,0,0,0,0,0,0,0,0,0,0,0,0,0,0,0,0,0,0,0,0,0,0,0,0,0,0,0,0,0,0,54,0,0,2,1,0,0,0,0.0,27.0,17,0.0,0,0,0,0,0,0
DESKTOP-R5AI7OF$,0,0,0,98,0,0,0,0,0,0,0,0,0,0,0,0,0,0,0,0,0,0,0,0,0,0,0,0,0,0,0,0,0,0,0,0,0,0,0,0,54,0,0,2,1,0,0,0,0.0,27.0,17,0.0,0,0,0,0,0,0
DESKTOP-R5AI7OF$,0,0,0,20,0,0,0,0,0,0,0,0,0,0,0,0,0,0,0,0,0,0,0,0,0,0,0,0,0,0,0,0,0,0,0,0,0,0,0,0,54,0,0,2,1,0,0,0,0.0,27.0,17,0.0,0,0,0,0,0,0
DESKTOP-R5AI7OF$,0,0,1,105,0,0,0,0,0,0,0,0,0,0,0,0,0,0,0,0,0,0,0,0,0,0,0,0,0,0,0,0,0,0,0,0,0,0,0,0,54,0,0,2,1,0,0,0,0.0,27.0,17,0.0,0,0,0,0,0,0
DESKTOP-R5AI7OF$,0,0,1,19,0,0,0,0,0,0,0,0,0,0,0,0,0,0,0,0,0,0,0,0,0,0,0,0,0,0,0,0,0,0,0,0,0,0,0,0,54,0,0,2,1,0,0,0,0.0,27.0,17,0.0,0,0,0,0,0,0
DESKTOP-R5AI7OF$,0,0,1,45,0,0,0,0,0,0,0,0,0,0,0,0,0,0,0,0,0,0,0,0,0,0,0,0,0,0,0,0,0,0,0,0,0,0,0,0,54,0,0,2,1,0,0,0,0.0,27.0,17,0.0,0,0,0,0,0,0
DESKTOP-R5AI7OF$,0,0,0,117,0,0,0,0,0,0,0,0,0,0,0,0,0,0,0,0,0,0,0,0,0,0,0,0,0,0,0,0,0,0,0,0,0,0,0,0,54,0,0,2,1,0,0,0,0.0,27.0,17,0.0,0,0,0,0,0,0
DESKTOP-R5AI7OF$,0,0,1,30,0,0,0,0,0,0,0,0,0,0,0,0,0,0,0,0,0,0,0,0,0,0,0,0,0,0,0,0,0,0,0,0,0,0,0,0,54,0,0,2,1,0,0,0,0.0,27.0,17,0.0,0,0,0,0,0,0
DESKTOP-R5AI7OF$,0,0,0,51,0,0,0,0,0,0,0,0,0,0,0,0,0,0,0,0,0,0,0,0,0,0,0,0,0,0,0,0,0,0,0,0,0,0,0,0,54,0,0,2,1,0,0,0,0.0,27.0,17,0.0,0,0,0,0,0,0
DESKTOP-R5AI7OF$,0,0,0,68,0,0,0,0,0,0,0,0,0,0,0,0,0,0,0,0,0,0,0,0,0,0,0,0,0,0,0,0,0,0,0,0,0,0,0,0,54,0,0,2,1,0,0,0,0.0,27.0,17,0.0,0,0,0,0,0,0
DESKTOP-R5AI7OF$,0,0,0,18,0,0,0,0,0,0,0,0,0,0,0,0,0,0,0,0,0,0,0,0,0,0,0,0,0,0,0,0,0,0,0,0,0,0,0,0,54,0,0,2,1,0,0,0,0.0,27.0,17,0.0,0,0,0,0,0,0
DESKTOP-R5AI7OF$,0,0,0,28,0,0,0,0,0,0,0,0,0,0,0,0,0,0,0,0,0,0,0,0,0,0,0,0,0,0,0,0,0,0,0,0,0,0,0,0,54,0,0,2,1,0,0,0,0.0,27.0,17,0.0,0,0,0,0,0,0
DESKTOP-R5AI7OF$,0,0,0,106,0,0,0,0,0,0,0,0,0,0,0,0,0,0,0,0,0,0,0,0,0,0,0,0,0,0,0,0,0,0,0,0,0,0,0,0,54,0,0,2,1,0,0,0,0.0,27.0,17,0.0,0,0,0,0,0,0
DESKTOP-R5AI7OF$,0,0,0,83,0,0,0,0,0,0,0,0,0,0,0,0,0,0,0,0,0,0,0,0,0,0,0,0,0,0,0,0,0,0,0,0,0,0,0,0,54,0,0,2,1,0,0,0,0.0,27.0,17,0.0,0,0,0,0,0,0
DESKTOP-R5AI7OF$,0,0,0,49,0,0,0,0,0,0,0,0,0,0,0,0,0,0,0,0,0,0,0,0,0,0,0,0,0,0,0,0,0,0,0,0,0,0,0,0,54,0,0,2,1,0,0,0,0.0,27.0,17,0.0,0,0,0,0,0,0
DESKTOP-R5AI7OF$,0,0,1,77,0,0,0,0,0,0,0,0,0,0,0,0,0,0,0,0,0,0,0,0,0,0,0,0,0,0,0,0,0,0,0,0,0,0,0,0,54,0,0,2,1,0,0,0,0.0,27.0,17,0.0,0,0,0,0,0,0
DESKTOP-R5AI7OF$,0,0,1,113,0,0,0,0,0,0,0,0,0,0,0,0,0,0,0,0,0,0,0,0,0,0,0,0,0,0,0,0,0,0,0,0,0,0,0,0,54,0,0,2,1,0,0,0,0.0,27.0,17,0.0,0,0,0,0,0,0
DESKTOP-R5AI7OF$,0,0,0,41,0,0,0,0,0,0,0,0,0,0,0,0,0,0,0,0,0,0,0,0,0,0,0,0,0,0,0,0,0,0,0,0,0,0,0,0,54,0,0,2,1,0,0,0,0.0,27.0,17,0.0,0,0,0,0,0,0
DESKTOP-R5AI7OF$,0,0,0,85,0,0,0,0,0,0,0,0,0,0,0,0,0,0,0,0,0,0,0,0,0,0,0,0,0,0,0,0,0,0,0,0,0,0,0,0,54,0,0,2,1,0,0,0,0.0,27.0,17,0.0,0,0,0,0,0,0
DESKTOP-R5AI7OF$,0,0,0,36,0,0,0,0,0,0,0,0,0,0,0,0,0,0,0,0,0,0,0,0,0,0,0,0,0,0,0,0,0,0,0,0,0,0,0,0,54,0,0,2,1,0,0,0,0.0,27.0,17,0.0,0,0,0,0,0,0
DESKTOP-R5AI7OF$,0,0,0,109,0,0,0,0,0,0,0,0,0,0,0,0,0,0,0,0,0,0,0,0,0,0,0,0,0,0,0,0,0,0,0,0,0,0,0,0,54,0,0,2,1,0,0,0,0.0,27.0,17,0.0,0,0,0,0,0,0
DESKTOP-R5AI7OF$,0,0,0,95,0,0,0,0,0,0,0,0,0,0,0,0,0,0,0,0,0,0,0,0,0,0,0,0,0,0,0,0,0,0,0,0,0,0,0,0,54,0,0,2,1,0,0,0,0.0,27.0,17,0.0,0,0,0,0,0,0
DESKTOP-R5AI7OF$,0,0,1,95,0,0,0,0,0,0,0,0,0,0,0,0,0,0,0,0,0,0,0,0,0,0,0,0,0,0,0,0,0,0,0,0,0,0,0,0,54,0,0,2,1,0,0,0,0.0,27.0,17,0.0,0,0,0,0,0,0
DESKTOP-R5AI7OF$,0,0,1,66,0,0,0,0,0,0,0,0,0,0,0,0,0,0,0,0,0,0,0,0,0,0,0,0,0,0,0,0,0,0,0,0,0,0,0,0,54,0,0,2,1,0,0,0,0.0,27.0,17,0.0,0,0,0,0,0,0
DESKTOP-R5AI7OF$,0,0,1,89,0,0,0,0,0,0,0,0,0,0,0,0,0,0,0,0,0,0,0,0,0,0,0,0,0,0,0,0,0,0,0,0,0,0,0,0,54,0,0,2,1,0,0,0,0.0,27.0,17,0.0,0,0,0,0,0,0
DESKTOP-R5AI7OF$,0,0,0,35,0,0,0,0,0,0,0,0,0,0,0,0,0,0,0,0,0,0,0,0,0,0,0,0,0,0,0,0,0,0,0,0,0,0,0,0,54,0,0,2,1,0,0,0,0.0,27.0,17,0.0,0,0,0,0,0,0
DESKTOP-R5AI7OF$,0,0,1,41,0,0,0,0,0,0,0,0,0,0,0,0,0,0,0,0,0,0,0,0,0,0,0,0,0,0,0,0,0,0,0,0,0,0,0,0,54,0,0,2,1,0,0,0,0.0,27.0,17,0.0,0,0,0,0,0,0
DESKTOP-R5AI7OF$,0,0,0,109,0,0,0,0,0,0,0,0,0,0,0,0,0,0,0,0,0,0,0,0,0,0,0,0,0,0,0,0,0,0,0,0,0,0,0,0,54,0,0,2,1,0,0,0,0.0,27.0,17,0.0,0,0,0,0,0,0
DESKTOP-R5AI7OF$,0,0,0,93,0,0,0,0,0,0,0,0,0,0,0,0,0,0,0,0,0,0,0,0,0,0,0,0,0,0,0,0,0,0,0,0,0,0,0,0,54,0,0,2,1,0,0,0,0.0,27.0,17,0.0,0,0,0,0,0,0
DESKTOP-R5AI7OF$,0,0,0,98,0,0,0,0,0,0,0,0,0,0,0,0,0,0,0,0,0,0,0,0,0,0,0,0,0,0,0,0,0,0,0,0,0,0,0,0,54,0,0,2,1,0,0,0,0.0,27.0,17,0.0,0,0,0,0,0,0
DESKTOP-R5AI7OF$,0,0,1,113,0,0,0,0,0,0,0,0,0,0,0,0,0,0,0,0,0,0,0,0,0,0,0,0,0,0,0,0,0,0,0,0,0,0,0,0,54,0,0,2,1,0,0,0,0.0,27.0,17,0.0,0,0,0,0,0,0
DESKTOP-R5AI7OF$,0,0,1,86,0,0,0,0,0,0,0,0,0,0,0,0,0,0,0,0,0,0,0,0,0,0,0,0,0,0,0,0,0,0,0,0,0,0,0,0,54,0,0,2,1,0,0,0,0.0,27.0,17,0.0,0,0,0,0,0,0
DESKTOP-R5AI7OF$,0,0,1,66,0,0,0,0,0,0,0,0,0,0,0,0,0,0,0,0,0,0,0,0,0,0,0,0,0,0,0,0,0,0,0,0,0,0,0,0,54,0,0,2,1,0,0,0,0.0,27.0,17,0.0,0,0,0,0,0,0
DESKTOP-R5AI7OF$,0,0,0,107,0,0,0,0,0,0,0,0,0,0,0,0,0,0,0,0,0,0,0,0,0,0,0,0,0,0,0,0,0,0,0,0,0,0,0,0,54,0,0,2,1,0,0,0,0.0,27.0,17,0.0,0,0,0,0,0,0
DESKTOP-R5AI7OF$,0,0,1,46,0,0,0,0,0,0,0,0,0,0,0,0,0,0,0,0,0,0,0,0,0,0,0,0,0,0,0,0,0,0,0,0,0,0,0,0,54,0,0,2,1,0,0,0,0.0,27.0,17,0.0,0,0,0,0,0,0
DESKTOP-R5AI7OF$,0,0,0,76,0,0,0,0,0,0,0,0,0,0,0,0,0,0,0,0,0,0,0,0,0,0,0,0,0,0,0,0,0,0,0,0,0,0,0,0,54,0,0,2,1,0,0,0,0.0,27.0,17,0.0,0,0,0,0,0,0
DESKTOP-R5AI7OF$,0,0,0,20,0,0,0,0,0,0,0,0,0,0,0,0,0,0,0,0,0,0,0,0,0,0,0,0,0,0,0,0,0,0,0,0,0,0,0,0,54,0,0,2,1,0,0,0,0.0,27.0,17,0.0,0,0,0,0,0,0
DESKTOP-R5AI7OF$,0,0,0,22,0,0,0,0,0,0,0,0,0,0,0,0,0,0,0,0,0,0,0,0,0,0,0,0,0,0,0,0,0,0,0,0,0,0,0,0,54,0,0,2,1,0,0,0,0.0,27.0,17,0.0,0,0,0,0,0,0
DESKTOP-R5AI7OF$,0,0,0,44,0,0,0,0,0,0,0,0,0,0,0,0,0,0,0,0,0,0,0,0,0,0,0,0,0,0,0,0,0,0,0,0,0,0,0,0,54,0,0,2,1,0,0,0,0.0,27.0,17,0.0,0,0,0,0,0,0
DESKTOP-R5AI7OF$,0,0,0,101,0,0,0,0,0,0,0,0,0,0,0,0,0,0,0,0,0,0,0,0,0,0,0,0,0,0,0,0,0,0,0,0,0,0,0,0,54,0,0,2,1,0,0,0,0.0,27.0,17,0.0,0,0,0,0,0,0
DESKTOP-R5AI7OF$,0,0,0,28,0,0,0,0,0,0,0,0,0,0,0,0,0,0,0,0,0,0,0,0,0,0,0,0,0,0,0,0,0,0,0,0,0,0,0,0,54,0,0,2,1,0,0,0,0.0,27.0,17,0.0,0,0,0,0,0,0
DESKTOP-R5AI7OF$,0,0,1,43,0,0,0,0,0,0,0,0,0,0,0,0,0,0,0,0,0,0,0,0,0,0,0,0,0,0,0,0,0,0,0,0,0,0,0,0,54,0,0,2,1,0,0,0,0.0,27.0,17,0.0,0,0,0,0,0,0
DESKTOP-R5AI7OF$,0,0,0,67,0,0,0,0,0,0,0,0,0,0,0,0,0,0,0,0,0,0,0,0,0,0,0,0,0,0,0,0,0,0,0,0,0,0,0,0,54,0,0,2,1,0,0,0,0.0,27.0,17,0.0,0,0,0,0,0,0
DESKTOP-R5AI7OF$,0,0,1,84,0,0,0,0,0,0,0,0,0,0,0,0,0,0,0,0,0,0,0,0,0,0,0,0,0,0,0,0,0,0,0,0,0,0,0,0,54,0,0,2,1,0,0,0,0.0,27.0,17,0.0,0,0,0,0,0,0
DESKTOP-R5AI7OF$,0,0,0,89,0,0,0,0,0,0,0,0,0,0,0,0,0,0,0,0,0,0,0,0,0,0,0,0,0,0,0,0,0,0,0,0,0,0,0,0,54,0,0,2,1,0,0,0,0.0,27.0,17,0.0,0,0,0,0,0,0
DESKTOP-R5AI7OF$,0,0,1,56,0,0,0,0,0,0,0,0,0,0,0,0,0,0,0,0,0,0,0,0,0,0,0,0,0,0,0,0,0,0,0,0,0,0,0,0,54,0,0,2,1,0,0,0,0.0,27.0,17,0.0,0,0,0,0,0,0
DESKTOP-R5AI7OF$,0,0,1,59,0,0,0,0,0,0,0,0,0,0,0,0,0,0,0,0,0,0,0,0,0,0,0,0,0,0,0,0,0,0,0,0,0,0,0,0,54,0,0,2,1,0,0,0,0.0,27.0,17,0.0,0,0,0,0,0,0
DESKTOP-R5AI7OF$,0,0,0,69,0,0,0,0,0,0,0,0,0,0,0,0,0,0,0,0,0,0,0,0,0,0,0,0,0,0,0,0,0,0,0,0,0,0,0,0,54,0,0,2,1,0,0,0,0.0,27.0,17,0.0,0,0,0,0,0,0
DESKTOP-R5AI7OF$,0,0,0,47,0,0,0,0,0,0,0,0,0,0,0,0,0,0,0,0,0,0,0,0,0,0,0,0,0,0,0,0,0,0,0,0,0,0,0,0,54,0,0,2,1,0,0,0,0.0,27.0,17,0.0,0,0,0,0,0,0
DESKTOP-R5AI7OF$,0,0,0,107,0,0,0,0,0,0,0,0,0,0,0,0,0,0,0,0,0,0,0,0,0,0,0,0,0,0,0,0,0,0,0,0,0,0,0,0,54,0,0,2,1,0,0,0,0.0,27.0,17,0.0,0,0,0,0,0,0
DESKTOP-R5AI7OF$,0,0,0,99,0,0,0,0,0,0,0,0,0,0,0,0,0,0,0,0,0,0,0,0,0,0,0,0,0,0,0,0,0,0,0,0,0,0,0,0,54,0,0,2,1,0,0,0,0.0,27.0,17,0.0,0,0,0,0,0,0
DESKTOP-R5AI7OF$,0,0,0,40,0,0,0,0,0,0,0,0,0,0,0,0,0,0,0,0,0,0,0,0,0,0,0,0,0,0,0,0,0,0,0,0,0,0,0,0,54,0,0,2,1,0,0,0,0.0,27.0,17,0.0,0,0,0,0,0,0
DESKTOP-R5AI7OF$,0,0,0,71,0,0,0,0,0,0,0,0,0,0,0,0,0,0,0,0,0,0,0,0,0,0,0,0,0,0,0,0,0,0,0,0,0,0,0,0,54,0,0,2,1,0,0,0,0.0,27.0,17,0.0,0,0,0,0,0,0
DESKTOP-R5AI7OF$,0,0,0,82,0,0,0,0,0,0,0,0,0,0,0,0,0,0,0,0,0,0,0,0,0,0,0,0,0,0,0,0,0,0,0,0,0,0,0,0,54,0,0,2,1,0,0,0,0.0,27.0,17,0.0,0,0,0,0,0,0
DESKTOP-R5AI7OF$,0,0,0,82,0,0,0,0,0,0,0,0,0,0,0,0,0,0,0,0,0,0,0,0,0,0,0,0,0,0,0,0,0,0,0,0,0,0,0,0,54,0,0,2,1,0,0,0,0.0,27.0,17,0.0,0,0,0,0,0,0
DESKTOP-R5AI7OF$,0,0,1,91,0,0,0,0,0,0,0,0,0,0,0,0,0,0,0,0,0,0,0,0,0,0,0,0,0,0,0,0,0,0,0,0,0,0,0,0,54,0,0,2,1,0,0,0,0.0,27.0,17,0.0,0,0,0,0,0,0
DESKTOP-R5AI7OF$,0,0,1,58,0,0,0,0,0,0,0,0,0,0,0,0,0,0,0,0,0,0,0,0,0,0,0,0,0,0,0,0,0,0,0,0,0,0,0,0,54,0,0,2,1,0,0,0,0.0,27.0,17,0.0,0,0,0,0,0,0
DESKTOP-R5AI7OF$,0,0,1,64,0,0,0,0,0,0,0,0,0,0,0,0,0,0,0,0,0,0,0,0,0,0,0,0,0,0,0,0,0,0,0,0,0,0,0,0,54,0,0,2,1,0,0,0,0.0,27.0,17,0.0,0,0,0,0,0,0
DESKTOP-R5AI7OF$,0,0,0,96,0,0,0,0,0,0,0,0,0,0,0,0,0,0,0,0,0,0,0,0,0,0,0,0,0,0,0,0,0,0,0,0,0,0,0,0,54,0,0,2,1,0,0,0,0.0,27.0,17,0.0,0,0,0,0,0,0
DESKTOP-R5AI7OF$,0,0,0,107,0,0,0,0,0,0,0,0,0,0,0,0,0,0,0,0,0,0,0,0,0,0,0,0,0,0,0,0,0,0,0,0,0,0,0,0,54,0,0,2,1,0,0,0,0.0,27.0,17,0.0,0,0,0,0,0,0
DESKTOP-R5AI7OF$,0,0,0,67,0,0,0,0,0,0,0,0,0,0,0,0,0,0,0,0,0,0,0,0,0,0,0,0,0,0,0,0,0,0,0,0,0,0,0,0,54,0,0,2,1,0,0,0,0.0,27.0,17,0.0,0,0,0,0,0,0
DESKTOP-R5AI7OF$,0,0,0,117,0,0,0,0,0,0,0,0,0,0,0,0,0,0,0,0,0,0,0,0,0,0,0,0,0,0,0,0,0,0,0,0,0,0,0,0,54,0,0,2,1,0,0,0,0.0,27.0,17,0.0,0,0,0,0,0,0
DESKTOP-R5AI7OF$,0,0,0,100,0,0,0,0,0,0,0,0,0,0,0,0,0,0,0,0,0,0,0,0,0,0,0,0,0,0,0,0,0,0,0,0,0,0,0,0,54,0,0,2,1,0,0,0,0.0,27.0,17,0.0,0,0,0,0,0,0
DESKTOP-R5AI7OF$,0,0,0,31,0,0,0,0,0,0,0,0,0,0,0,0,0,0,0,0,0,0,0,0,0,0,0,0,0,0,0,0,0,0,0,0,0,0,0,0,54,0,0,2,1,0,0,0,0.0,27.0,17,0.0,0,0,0,0,0,0
DESKTOP-R5AI7OF$,0,0,1,104,0,0,0,0,0,0,0,0,0,0,0,0,0,0,0,0,0,0,0,0,0,0,0,0,0,0,0,0,0,0,0,0,0,0,0,0,54,0,0,2,1,0,0,0,0.0,27.0,17,0.0,0,0,0,0,0,0
DESKTOP-R5AI7OF$,0,0,0,63,0,0,0,0,0,0,0,0,0,0,0,0,0,0,0,0,0,0,0,0,0,0,0,0,0,0,0,0,0,0,0,0,0,0,0,0,54,0,0,2,1,0,0,0,0.0,27.0,17,0.0,0,0,0,0,0,0
DESKTOP-R5AI7OF$,0,0,1,53,0,0,0,0,0,0,0,0,0,0,0,0,0,0,0,0,0,0,0,0,0,0,0,0,0,0,0,0,0,0,0,0,0,0,0,0,54,0,0,2,1,0,0,0,0.0,27.0,17,0.0,0,0,0,0,0,0
DESKTOP-R5AI7OF$,0,0,0,72,0,0,0,0,0,0,0,0,0,0,0,0,0,0,0,0,0,0,0,0,0,0,0,0,0,0,0,0,0,0,0,0,0,0,0,0,54,0,0,2,1,0,0,0,0.0,27.0,17,0.0,0,0,0,0,0,0
DESKTOP-R5AI7OF$,0,0,1,47,0,0,0,0,0,0,0,0,0,0,0,0,0,0,0,0,0,0,0,0,0,0,0,0,0,0,0,0,0,0,0,0,0,0,0,0,54,0,0,2,1,0,0,0,0.0,27.0,17,0.0,0,0,0,0,0,0
DESKTOP-R5AI7OF$,0,0,0,21,0,0,0,0,0,0,0,0,0,0,0,0,0,0,0,0,0,0,0,0,0,0,0,0,0,0,0,0,0,0,0,0,0,0,0,0,54,0,0,2,1,0,0,0,0.0,27.0,17,0.0,0,0,0,0,0,0
DESKTOP-R5AI7OF$,0,0,1,68,0,0,0,0,0,0,0,0,0,0,0,0,0,0,0,0,0,0,0,0,0,0,0,0,0,0,0,0,0,0,0,0,0,0,0,0,54,0,0,2,1,0,0,0,0.0,27.0,17,0.0,0,0,0,0,0,0
DESKTOP-R5AI7OF$,0,0,1,118,0,0,0,0,0,0,0,0,0,0,0,0,0,0,0,0,0,0,0,0,0,0,0,0,0,0,0,0,0,0,0,0,0,0,0,0,54,0,0,2,1,0,0,0,0.0,27.0,17,0.0,0,0,0,0,0,0
DESKTOP-R5AI7OF$,0,0,0,52,0,0,0,0,0,0,0,0,0,0,0,0,0,0,0,0,0,0,0,0,0,0,0,0,0,0,0,0,0,0,0,0,0,0,0,0,54,0,0,2,1,0,0,0,0.0,27.0,17,0.0,0,0,0,0,0,0
DESKTOP-R5AI7OF$,0,0,0,80,0,0,0,0,0,0,0,0,0,0,0,0,0,0,0,0,0,0,0,0,0,0,0,0,0,0,0,0,0,0,0,0,0,0,0,0,54,0,0,2,1,0,0,0,0.0,27.0,17,0.0,0,0,0,0,0,0
DESKTOP-R5AI7OF$,0,0,0,104,0,0,0,0,0,0,0,0,0,0,0,0,0,0,0,0,0,0,0,0,0,0,0,0,0,0,0,0,0,0,0,0,0,0,0,0,54,0,0,2,1,0,0,0,0.0,27.0,17,0.0,0,0,0,0,0,0
DESKTOP-R5AI7OF$,0,0,1,93,0,0,0,0,0,0,0,0,0,0,0,0,0,0,0,0,0,0,0,0,0,0,0,0,0,0,0,0,0,0,0,0,0,0,0,0,54,0,0,2,1,0,0,0,0.0,27.0,17,0.0,0,0,0,0,0,0
DESKTOP-R5AI7OF$,0,0,1,88,0,0,0,0,0,0,0,0,0,0,0,0,0,0,0,0,0,0,0,0,0,0,0,0,0,0,0,0,0,0,0,0,0,0,0,0,54,0,0,2,1,0,0,0,0.0,27.0,17,0.0,0,0,0,0,0,0
DESKTOP-R5AI7OF$,0,0,0,20,0,0,0,0,0,0,0,0,0,0,0,0,0,0,0,0,0,0,0,0,0,0,0,0,0,0,0,0,0,0,0,0,0,0,0,0,54,0,0,2,1,0,0,0,0.0,27.0,17,0.0,0,0,0,0,0,0
DESKTOP-R5AI7OF$,0,0,0,25,0,0,0,0,0,0,0,0,0,0,0,0,0,0,0,0,0,0,0,0,0,0,0,0,0,0,0,0,0,0,0,0,0,0,0,0,54,0,0,2,1,0,0,0,0.0,27.0,17,0.0,0,0,0,0,0,0
DESKTOP-R5AI7OF$,0,0,0,32,0,0,0,0,0,0,0,0,0,0,0,0,0,0,0,0,0,0,0,0,0,0,0,0,0,0,0,0,0,0,0,0,0,0,0,0,54,0,0,2,1,0,0,0,0.0,27.0,17,0.0,0,0,0,0,0,0
DESKTOP-R5AI7OF$,0,0,0,112,0,0,0,0,0,0,0,0,0,0,0,0,0,0,0,0,0,0,0,0,0,0,0,0,0,0,0,0,0,0,0,0,0,0,0,0,54,0,0,2,1,0,0,0,0.0,27.0,17,0.0,0,0,0,0,0,0
DESKTOP-R5AI7OF$,0,0,0,35,0,0,0,0,0,0,0,0,0,0,0,0,0,0,0,0,0,0,0,0,0,0,0,0,0,0,0,0,0,0,0,0,0,0,0,0,54,0,0,2,1,0,0,0,0.0,27.0,17,0.0,0,0,0,0,0,0
DESKTOP-R5AI7OF$,0,0,1,110,0,0,0,0,0,0,0,0,0,0,0,0,0,0,0,0,0,0,0,0,0,0,0,0,0,0,0,0,0,0,0,0,0,0,0,0,54,0,0,2,1,0,0,0,0.0,27.0,17,0.0,0,0,0,0,0,0
DESKTOP-R5AI7OF$,0,0,1,61,0,0,0,0,0,0,0,0,0,0,0,0,0,0,0,0,0,0,0,0,0,0,0,0,0,0,0,0,0,0,0,0,0,0,0,0,54,0,0,2,1,0,0,0,0.0,27.0,17,0.0,0,0,0,0,0,0
DESKTOP-R5AI7OF$,0,0,1,108,0,0,0,0,0,0,0,0,0,0,0,0,0,0,0,0,0,0,0,0,0,0,0,0,0,0,0,0,0,0,0,0,0,0,0,0,54,0,0,2,1,0,0,0,0.0,27.0,17,0.0,0,0,0,0,0,0
DESKTOP-R5AI7OF$,0,0,0,86,0,0,0,0,0,0,0,0,0,0,0,0,0,0,0,0,0,0,0,0,0,0,0,0,0,0,0,0,0,0,0,0,0,0,0,0,54,0,0,2,1,0,0,0,0.0,27.0,17,0.0,0,0,0,0,0,0
DESKTOP-R5AI7OF$,0,0,0,20,0,0,0,0,0,0,0,0,0,0,0,0,0,0,0,0,0,0,0,0,0,0,0,0,0,0,0,0,0,0,0,0,0,0,0,0,54,0,0,2,1,0,0,0,0.0,27.0,17,0.0,0,0,0,0,0,0
DESKTOP-R5AI7OF$,0,0,0,69,0,0,0,0,0,0,0,0,0,0,0,0,0,0,0,0,0,0,0,0,0,0,0,0,0,0,0,0,0,0,0,0,0,0,0,0,54,0,0,2,1,0,0,0,0.0,27.0,17,0.0,0,0,0,0,0,0
TAWSIF,0,0,0,343,0,0,0,0,0,0,0,0,0,0,0,0,0,0,0,0,0,0,0,0,0,0,0,0,0,0,0,0,0,0,0,0,0,0,0,0,343,0,0,2,1,0,0,0,0.0,171.5,21,0.0,0,0,0,0,0,0
TAWSIF,0,0,0,402,0,0,0,0,0,0,0,0,0,0,0,0,0,0,0,0,0,0,0,0,0,0,0,0,0,0,0,0,0,0,0,0,0,0,0,0,343,0,0,2,1,0,0,0,0.0,171.5,21,0.0,0,0,0,0,0,0
TAWSIF,0,0,1,466,0,0,0,0,0,0,0,0,0,0,0,0,0,0,0,0,0,0,0,0,0,0,0,0,0,0,0,0,0,0,0,0,0,0,0,0,343,0,0,2,1,0,0,0,0.0,171.5,21,0.0,0,0,0,0,0,0
TAWSIF,0,0,0,651,0,0,0,0,0,0,0,0,0,0,0,0,0,0,0,0,0,0,0,0,0,0,0,0,0,0,0,0,0,0,0,0,0,0,0,0,343,0,0,2,1,0,0,0,0.0,171.5,21,0.0,0,0,0,0,0,0
TAWSIF,0,0,1,750,0,0,0,0,0,0,0,0,0,0,0,0,0,0,0,0,0,0,0,0,0,0,0,0,0,0,0,0,0,0,0,0,0,0,0,0,343,0,0,2,1,0,0,0,0.0,171.5,21,0.0,0,0,0,0,0,0
TAWSIF,0,0,1,475,0,0,0,0,0,0,0,0,0,0,0,0,0,0,0,0,0,0,0,0,0,0,0,0,0,0,0,0,0,0,0,0,0,0,0,0,343,0,0,2,1,0,0,0,0.0,171.5,21,0.0,0,0,0,0,0,0
TAWSIF,0,0,1,282,0,0,0,0,0,0,0,0,0,0,0,0,0,0,0,0,0,0,0,0,0,0,0,0,0,0,0,0,0,0,0,0,0,0,0,0,343,0,0,2,1,0,0,0,0.0,171.5,21,0.0,0,0,0,0,0,0
TAWSIF,0,0,1,647,0,0,0,0,0,0,0,0,0,0,0,0,0,0,0,0,0,0,0,0,0,0,0,0,0,0,0,0,0,0,0,0,0,0,0,0,343,0,0,2,1,0,0,0,0.0,171.5,21,0.0,0,0,0,0,0,0
TAWSIF,0,0,0,125,0,0,0,0,0,0,0,0,0,0,0,0,0,0,0,0,0,0,0,0,0,0,0,0,0,0,0,0,0,0,0,0,0,0,0,0,343,0,0,2,1,0,0,0,0.0,171.5,21,0.0,0,0,0,0,0,0
TAWSIF,0,0,0,451,0,0,0,0,0,0,0,0,0,0,0,0,0,0,0,0,0,0,0,0,0,0,0,0,0,0,0,0,0,0,0,0,0,0,0,0,343,0,0,2,1,0,0,0,0.0,171.5,21,0.0,0,0,0,0,0,0
TAWSIF,0,0,1,252,0,0,0,0,0,0,0,0,0,0,0,0,0,0,0,0,0,0,0,0,0,0,0,0,0,0,0,0,0,0,0,0,0,0,0,0,343,0,0,2,1,0,0,0,0.0,171.5,21,0.0,0,0,0,0,0,0
TAWSIF,0,0,0,492,0,0,0,0,0,0,0,0,0,0,0,0,0,0,0,0,0,0,0,0,0,0,0,0,0,0,0,0,0,0,0,0,0,0,0,0,343,0,0,2,1,0,0,0,0.0,171.5,21,0.0,0,0,0,0,0,0
TAWSIF,0,0,0,640,0,0,0,0,0,0,0,0,0,0,0,0,0,0,0,0,0,0,0,0,0,0,0,0,0,0,0,0,0,0,0,0,0,0,0,0,343,0,0,2,1,0,0,0,0.0,171.5,21,0.0,0,0,0,0,0,0
TAWSIF,0,0,0,547,0,0,0,0,0,0,0,0,0,0,0,0,0,0,0,0,0,0,0,0,0,0,0,0,0,0,0,0,0,0,0,0,0,0,0,0,343,0,0,2,1,0,0,0,0.0,171.5,21,0.0,0,0,0,0,0,0
TAWSIF,0,0,0,496,0,0,0,0,0,0,0,0,0,0,0,0,0,0,0,0,0,0,0,0,0,0,0,0,0,0,0,0,0,0,0,0,0,0,0,0,343,0,0,2,1,0,0,0,0.0,171.5,21,0.0,0,0,0,0,0,0
TAWSIF,0,0,0,644,0,0,0,0,0,0,0,0,0,0,0,0,0,0,0,0,0,0,0,0,0,0,0,0,0,0,0,0,0,0,0,0,0,0,0,0,343,0,0,2,1,0,0,0,0.0,171.5,21,0.0,0,0,0,0,0,0
TAWSIF,0,0,0,567,0,0,0,0,0,0,0,0,0,0,0,0,0,0,0,0,0,0,0,0,0,0,0,0,0,0,0,0,0,0,0,0,0,0,0,0,343,0,0,2,1,0,0,0,0.0,171.5,21,0.0,0,0,0,0,0,0
TAWSIF,0,0,0,135,0,0,0,0,0,0,0,0,0,0,0,0,0,0,0,0,0,0,0,0,0,0,0,0,0,0,0,0,0,0,0,0,0,0,0,0,343,0,0,2,1,0,0,0,0.0,171.5,21,0.0,0,0,0,0,0,0
TAWSIF,0,0,0,454,0,0,0,0,0,0,0,0,0,0,0,0,0,0,0,0,0,0,0,0,0,0,0,0,0,0,0,0,0,0,0,0,0,0,0,0,343,0,0,2,1,0,0,0,0.0,171.5,21,0.0,0,0,0,0,0,0
TAWSIF,0,0,1,577,0,0,0,0,0,0,0,0,0,0,0,0,0,0,0,0,0,0,0,0,0,0,0,0,0,0,0,0,0,0,0,0,0,0,0,0,343,0,0,2,1,0,0,0,0.0,171.5,21,0.0,0,0,0,0,0,0
TAWSIF,0,0,1,664,0,0,0,0,0,0,0,0,0,0,0,0,0,0,0,0,0,0,0,0,0,0,0,0,0,0,0,0,0,0,0,0,0,0,0,0,343,0,0,2,1,0,0,0,0.0,171.5,21,0.0,0,0,0,0,0,0
TAWSIF,0,0,0,367,0,0,0,0,0,0,0,0,0,0,0,0,0,0,0,0,0,0,0,0,0,0,0,0,0,0,0,0,0,0,0,0,0,0,0,0,343,0,0,2,1,0,0,0,0.0,171.5,21,0.0,0,0,0,0,0,0
TAWSIF,0,0,0,606,0,0,0,0,0,0,0,0,0,0,0,0,0,0,0,0,0,0,0,0,0,0,0,0,0,0,0,0,0,0,0,0,0,0,0,0,343,0,0,2,1,0,0,0,0.0,171.5,21,0.0,0,0,0,0,0,0
TAWSIF,0,0,0,259,0,0,0,0,0,0,0,0,0,0,0,0,0,0,0,0,0,0,0,0,0,0,0,0,0,0,0,0,0,0,0,0,0,0,0,0,343,0,0,2,1,0,0,0,0.0,171.5,21,0.0,0,0,0,0,0,0
TAWSIF,0,0,1,253,0,0,0,0,0,0,0,0,0,0,0,0,0,0,0,0,0,0,0,0,0,0,0,0,0,0,0,0,0,0,0,0,0,0,0,0,343,0,0,2,1,0,0,0,0.0,171.5,21,0.0,0,0,0,0,0,0
TAWSIF,0,0,1,746,0,0,0,0,0,0,0,0,0,0,0,0,0,0,0,0,0,0,0,0,0,0,0,0,0,0,0,0,0,0,0,0,0,0,0,0,343,0,0,2,1,0,0,0,0.0,171.5,21,0.0,0,0,0,0,0,0
TAWSIF,0,0,1,417,0,0,0,0,0,0,0,0,0,0,0,0,0,0,0,0,0,0,0,0,0,0,0,0,0,0,0,0,0,0,0,0,0,0,0,0,343,0,0,2,1,0,0,0,0.0,171.5,21,0.0,0,0,0,0,0,0
TAWSIF,0,0,0,735,0,0,0,0,0,0,0,0,0,0,0,0,0,0,0,0,0,0,0,0,0,0,0,0,0,0,0,0,0,0,0,0,0,0,0,0,343,0,0,2,1,0,0,0,0.0,171.5,21,0.0,0,0,0,0,0,0
TAWSIF,0,0,0,329,0,0,0,0,0,0,0,0,0,0,0,0,0,0,0,0,0,0,0,0,0,0,0,0,0,0,0,0,0,0,0,0,0,0,0,0,343,0,0,2,1,0,0,0,0.0,171.5,21,0.0,0,0,0,0,0,0
TAWSIF,0,0,0,608,0,0,0,0,0,0,0,0,0,0,0,0,0,0,0,0,0,0,0,0,0,0,0,0,0,0,0,0,0,0,0,0,0,0,0,0,343,0,0,2,1,0,0,0,0.0,171.5,21,0.0,0,0,0,0,0,0
TAWSIF,0,0,0,742,0,0,0,0,0,0,0,0,0,0,0,0,0,0,0,0,0,0,0,0,0,0,0,0,0,0,0,0,0,0,0,0,0,0,0,0,343,0,0,2,1,0,0,0,0.0,171.5,21,0.0,0,0,0,0,0,0
TAWSIF,0,0,0,512,0,0,0,0,0,0,0,0,0,0,0,0,0,0,0,0,0,0,0,0,0,0,0,0,0,0,0,0,0,0,0,0,0,0,0,0,343,0,0,2,1,0,0,0,0.0,171.5,21,0.0,0,0,0,0,0,0
TAWSIF,0,0,1,348,0,0,0,0,0,0,0,0,0,0,0,0,0,0,0,0,0,0,0,0,0,0,0,0,0,0,0,0,0,0,0,0,0,0,0,0,343,0,0,2,1,0,0,0,0.0,171.5,21,0.0,0,0,0,0,0,0
TAWSIF,0,0,1,341,0,0,0,0,0,0,0,0,0,0,0,0,0,0,0,0,0,0,0,0,0,0,0,0,0,0,0,0,0,0,0,0,0,0,0,0,343,0,0,2,1,0,0,0,0.0,171.5,21,0.0,0,0,0,0,0,0
TAWSIF,0,0,0,626,0,0,0,0,0,0,0,0,0,0,0,0,0,0,0,0,0,0,0,0,0,0,0,0,0,0,0,0,0,0,0,0,0,0,0,0,343,0,0,2,1,0,0,0,0.0,171.5,21,0.0,0,0,0,0,0,0
TAWSIF,0,0,0,165,0,0,0,0,0,0,0,0,0,0,0,0,0,0,0,0,0,0,0,0,0,0,0,0,0,0,0,0,0,0,0,0,0,0,0,0,343,0,0,2,1,0,0,0,0.0,171.5,21,0.0,0,0,0,0,0,0
TAWSIF,0,0,0,535,0,0,0,0,0,0,0,0,0,0,0,0,0,0,0,0,0,0,0,0,0,0,0,0,0,0,0,0,0,0,0,0,0,0,0,0,343,0,0,2,1,0,0,0,0.0,171.5,21,0.0,0,0,0,0,0,0
TAWSIF,0,0,0,623,0,0,0,0,0,0,0,0,0,0,0,0,0,0,0,0,0,0,0,0,0,0,0,0,0,0,0,0,0,0,0,0,0,0,0,0,343,0,0,2,1,0,0,0,0.0,171.5,21,0.0,0,0,0,0,0,0
TAWSIF,0,0,0,580,0,0,0,0,0,0,0,0,0,0,0,0,0,0,0,0,0,0,0,0,0,0,0,0,0,0,0,0,0,0,0,0,0,0,0,0,343,0,0,2,1,0,0,0,0.0,171.5,21,0.0,0,0,0,0,0,0
TAWSIF,0,0,1,535,0,0,0,0,0,0,0,0,0,0,0,0,0,0,0,0,0,0,0,0,0,0,0,0,0,0,0,0,0,0,0,0,0,0,0,0,343,0,0,2,1,0,0,0,0.0,171.5,21,0.0,0,0,0,0,0,0
TAWSIF,0,0,1,114,0,0,0,0,0,0,0,0,0,0,0,0,0,0,0,0,0,0,0,0,0,0,0,0,0,0,0,0,0,0,0,0,0,0,0,0,343,0,0,2,1,0,0,0,0.0,171.5,21,0.0,0,0,0,0,0,0
TAWSIF,0,0,0,720,0,0,0,0,0,0,0,0,0,0,0,0,0,0,0,0,0,0,0,0,0,0,0,0,0,0,0,0,0,0,0,0,0,0,0,0,343,0,0,2,1,0,0,0,0.0,171.5,21,0.0,0,0,0,0,0,0
TAWSIF,0,0,0,558,0,0,0,0,0,0,0,0,0,0,0,0,0,0,0,0,0,0,0,0,0,0,0,0,0,0,0,0,0,0,0,0,0,0,0,0,343,0,0,2,1,0,0,0,0.0,171.5,21,0.0,0,0,0,0,0,0
TAWSIF,0,0,1,443,0,0,0,0,0,0,0,0,0,0,0,0,0,0,0,0,0,0,0,0,0,0,0,0,0,0,0,0,0,0,0,0,0,0,0,0,343,0,0,2,1,0,0,0,0.0,171.5,21,0.0,0,0,0,0,0,0
TAWSIF,0,0,0,166,0,0,0,0,0,0,0,0,0,0,0,0,0,0,0,0,0,0,0,0,0,0,0,0,0,0,0,0,0,0,0,0,0,0,0,0,343,0,0,2,1,0,0,0,0.0,171.5,21,0.0,0,0,0,0,0,0
TAWSIF,0,0,0,247,0,0,0,0,0,0,0,0,0,0,0,0,0,0,0,0,0,0,0,0,0,0,0,0,0,0,0,0,0,0,0,0,0,0,0,0,343,0,0,2,1,0,0,0,0.0,171.5,21,0.0,0,0,0,0,0,0
TAWSIF,0,0,1,227,0,0,0,0,0,0,0,0,0,0,0,0,0,0,0,0,0,0,0,0,0,0,0,0,0,0,0,0,0,0,0,0,0,0,0,0,343,0,0,2,1,0,0,0,0.0,171.5,21,0.0,0,0,0,0,0,0
TAWSIF,0,0,1,643,0,0,0,0,0,0,0,0,0,0,0,0,0,0,0,0,0,0,0,0,0,0,0,0,0,0,0,0,0,0,0,0,0,0,0,0,343,0,0,2,1,0,0,0,0.0,171.5,21,0.0,0,0,0,0,0,0
TAWSIF,0,0,1,264,0,0,0,0,0,0,0,0,0,0,0,0,0,0,0,0,0,0,0,0,0,0,0,0,0,0,0,0,0,0,0,0,0,0,0,0,343,0,0,2,1,0,0,0,0.0,171.5,21,0.0,0,0,0,0,0,0
TAWSIF,0,0,1,661,0,0,0,0,0,0,0,0,0,0,0,0,0,0,0,0,0,0,0,0,0,0,0,0,0,0,0,0,0,0,0,0,0,0,0,0,343,0,0,2,1,0,0,0,0.0,171.5,21,0.0,0,0,0,0,0,0
TAWSIF,0,0,1,117,0,0,0,0,0,0,0,0,0,0,0,0,0,0,0,0,0,0,0,0,0,0,0,0,0,0,0,0,0,0,0,0,0,0,0,0,343,0,0,2,1,0,0,0,0.0,171.5,21,0.0,0,0,0,0,0,0
TAWSIF,0,0,1,154,0,0,0,0,0,0,0,0,0,0,0,0,0,0,0,0,0,0,0,0,0,0,0,0,0,0,0,0,0,0,0,0,0,0,0,0,343,0,0,2,1,0,0,0,0.0,171.5,21,0.0,0,0,0,0,0,0
TAWSIF,0,0,0,430,0,0,0,0,0,0,0,0,0,0,0,0,0,0,0,0,0,0,0,0,0,0,0,0,0,0,0,0,0,0,0,0,0,0,0,0,343,0,0,2,1,0,0,0,0.0,171.5,21,0.0,0,0,0,0,0,0
TAWSIF,0,0,1,167,0,0,0,0,0,0,0,0,0,0,0,0,0,0,0,0,0,0,0,0,0,0,0,0,0,0,0,0,0,0,0,0,0,0,0,0,343,0,0,2,1,0,0,0,0.0,171.5,21,0.0,0,0,0,0,0,0
TAWSIF,0,0,1,238,0,0,0,0,0,0,0,0,0,0,0,0,0,0,0,0,0,0,0,0,0,0,0,0,0,0,0,0,0,0,0,0,0,0,0,0,343,0,0,2,1,0,0,0,0.0,171.5,21,0.0,0,0,0,0,0,0
TAWSIF,0,0,1,469,0,0,0,0,0,0,0,0,0,0,0,0,0,0,0,0,0,0,0,0,0,0,0,0,0,0,0,0,0,0,0,0,0,0,0,0,343,0,0,2,1,0,0,0,0.0,171.5,21,0.0,0,0,0,0,0,0
TAWSIF,0,0,1,431,0,0,0,0,0,0,0,0,0,0,0,0,0,0,0,0,0,0,0,0,0,0,0,0,0,0,0,0,0,0,0,0,0,0,0,0,343,0,0,2,1,0,0,0,0.0,171.5,21,0.0,0,0,0,0,0,0
TAWSIF,0,0,0,754,0,0,0,0,0,0,0,0,0,0,0,0,0,0,0,0,0,0,0,0,0,0,0,0,0,0,0,0,0,0,0,0,0,0,0,0,343,0,0,2,1,0,0,0,0.0,171.5,21,0.0,0,0,0,0,0,0
TAWSIF,0,0,0,240,0,0,0,0,0,0,0,0,0,0,0,0,0,0,0,0,0,0,0,0,0,0,0,0,0,0,0,0,0,0,0,0,0,0,0,0,343,0,0,2,1,0,0,0,0.0,171.5,21,0.0,0,0,0,0,0,0
TAWSIF,0,0,0,245,0,0,0,0,0,0,0,0,0,0,0,0,0,0,0,0,0,0,0,0,0,0,0,0,0,0,0,0,0,0,0,0,0,0,0,0,343,0,0,2,1,0,0,0,0.0,171.5,21,0.0,0,0,0,0,0,0
TAWSIF,0,0,1,444,0,0,0,0,0,0,0,0,0,0,0,0,0,0,0,0,0,0,0,0,0,0,0,0,0,0,0,0,0,0,0,0,0,0,0,0,343,0,0,2,1,0,0,0,0.0,171.5,21,0.0,0,0,0,0,0,0
TAWSIF,0,0,0,268,0,0,0,0,0,0,0,0,0,0,0,0,0,0,0,0,0,0,0,0,0,0,0,0,0,0,0,0,0,0,0,0,0,0,0,0,343,0,0,2,1,0,0,0,0.0,171.5,21,0.0,0,0,0,0,0,0
TAWSIF,0,0,0,512,0,0,0,0,0,0,0,0,0,0,0,0,0,0,0,0,0,0,0,0,0,0,0,0,0,0,0,0,0,0,0,0,0,0,0,0,343,0,0,2,1,0,0,0,0.0,171.5,21,0.0,0,0,0,0,0,0
TAWSIF,0,0,0,358,0,0,0,0,0,0,0,0,0,0,0,0,0,0,0,0,0,0,0,0,0,0,0,0,0,0,0,0,0,0,0,0,0,0,0,0,343,0,0,2,1,0,0,0,0.0,171.5,21,0.0,0,0,0,0,0,0
TAWSIF,0,0,0,199,0,0,0,0,0,0,0,0,0,0,0,0,0,0,0,0,0,0,0,0,0,0,0,0,0,0,0,0,0,0,0,0,0,0,0,0,343,0,0,2,1,0,0,0,0.0,171.5,21,0.0,0,0,0,0,0,0
TAWSIF,0,0,0,632,0,0,0,0,0,0,0,0,0,0,0,0,0,0,0,0,0,0,0,0,0,0,0,0,0,0,0,0,0,0,0,0,0,0,0,0,343,0,0,2,1,0,0,0,0.0,171.5,21,0.0,0,0,0,0,0,0
TAWSIF,0,0,1,204,0,0,0,0,0,0,0,0,0,0,0,0,0,0,0,0,0,0,0,0,0,0,0,0,0,0,0,0,0,0,0,0,0,0,0,0,343,0,0,2,1,0,0,0,0.0,171.5,21,0.0,0,0,0,0,0,0
TAWSIF,0,0,0,224,0,0,0,0,0,0,0,0,0,0,0,0,0,0,0,0,0,0,0,0,0,0,0,0,0,0,0,0,0,0,0,0,0,0,0,0,343,0,0,2,1,0,0,0,0.0,171.5,21,0.0,0,0,0,0,0,0
TAWSIF,0,0,1,552,0,0,0,0,0,0,0,0,0,0,0,0,0,0,0,0,0,0,0,0,0,0,0,0,0,0,0,0,0,0,0,0,0,0,0,0,343,0,0,2,1,0,0,0,0.0,171.5,21,0.0,0,0,0,0,0,0
TAWSIF,0,0,0,548,0,0,0,0,0,0,0,0,0,0,0,0,0,0,0,0,0,0,0,0,0,0,0,0,0,0,0,0,0,0,0,0,0,0,0,0,343,0,0,2,1,0,0,0,0.0,171.5,21,0.0,0,0,0,0,0,0
TAWSIF,0,0,1,209,0,0,0,0,0,0,0,0,0,0,0,0,0,0,0,0,0,0,0,0,0,0,0,0,0,0,0,0,0,0,0,0,0,0,0,0,343,0,0,2,1,0,0,0,0.0,171.5,21,0.0,0,0,0,0,0,0
TAWSIF,0,0,0,732,0,0,0,0,0,0,0,0,0,0,0,0,0,0,0,0,0,0,0,0,0,0,0,0,0,0,0,0,0,0,0,0,0,0,0,0,343,0,0,2,1,0,0,0,0.0,171.5,21,0.0,0,0,0,0,0,0
TAWSIF,0,0,0,175,0,0,0,0,0,0,0,0,0,0,0,0,0,0,0,0,0,0,0,0,0,0,0,0,0,0,0,0,0,0,0,0,0,0,0,0,343,0,0,2,1,0,0,0,0.0,171.5,21,0.0,0,0,0,0,0,0
TAWSIF,0,0,1,327,0,0,0,0,0,0,0,0,0,0,0,0,0,0,0,0,0,0,0,0,0,0,0,0,0,0,0,0,0,0,0,0,0,0,0,0,343,0,0,2,1,0,0,0,0.0,171.5,21,0.0,0,0,0,0,0,0
TAWSIF,0,0,0,331,0,0,0,0,0,0,0,0,0,0,0,0,0,0,0,0,0,0,0,0,0,0,0,0,0,0,0,0,0,0,0,0,0,0,0,0,343,0,0,2,1,0,0,0,0.0,171.5,21,0.0,0,0,0,0,0,0
TAWSIF,0,0,0,390,0,0,0,0,0,0,0,0,0,0,0,0,0,0,0,0,0,0,0,0,0,0,0,0,0,0,0,0,0,0,0,0,0,0,0,0,343,0,0,2,1,0,0,0,0.0,171.5,21,0.0,0,0,0,0,0,0
TAWSIF,0,0,1,108,0,0,0,0,0,0,0,0,0,0,0,0,0,0,0,0,0,0,0,0,0,0,0,0,0,0,0,0,0,0,0,0,0,0,0,0,343,0,0,2,1,0,0,0,0.0,171.5,21,0.0,0,0,0,0,0,0
TAWSIF,0,0,0,723,0,0,0,0,0,0,0,0,0,0,0,0,0,0,0,0,0,0,0,0,0,0,0,0,0,0,0,0,0,0,0,0,0,0,0,0,343,0,0,2,1,0,0,0,0.0,171.5,21,0.0,0,0,0,0,0,0
TAWSIF,0,0,0,340,0,0,0,0,0,0,0,0,0,0,0,0,0,0,0,0,0,0,0,0,0,0,0,0,0,0,0,0,0,0,0,0,0,0,0,0,343,0,0,2,1,0,0,0,0.0,171.5,21,0.0,0,0,0,0,0,0
TAWSIF,0,0,1,245,0,0,0,0,0,0,0,0,0,0,0,0,0,0,0,0,0,0,0,0,0,0,0,0,0,0,0,0,0,0,0,0,0,0,0,0,343,0,0,2,1,0,0,0,0.0,171.5,21,0.0,0,0,0,0,0,0
TAWSIF,0,0,0,481,0,0,0,0,0,0,0,0,0,0,0,0,0,0,0,0,0,0,0,0,0,0,0,0,0,0,0,0,0,0,0,0,0,0,0,0,343,0,0,2,1,0,0,0,0.0,171.5,21,0.0,0,0,0,0,0,0
TAWSIF,0,0,1,604,0,0,0,0,0,0,0,0,0,0,0,0,0,0,0,0,0,0,0,0,0,0,0,0,0,0,0,0,0,0,0,0,0,0,0,0,343,0,0,2,1,0,0,0,0.0,171.5,21,0.0,0,0,0,0,0,0
TAWSIF,0,0,1,679,0,0,0,0,0,0,0,0,0,0,0,0,0,0,0,0,0,0,0,0,0,0,0,0,0,0,0,0,0,0,0,0,0,0,0,0,343,0,0,2,1,0,0,0,0.0,171.5,21,0.0,0,0,0,0,0,0
TAWSIF,0,0,0,693,0,0,0,0,0,0,0,0,0,0,0,0,0,0,0,0,0,0,0,0,0,0,0,0,0,0,0,0,0,0,0,0,0,0,0,0,343,0,0,2,1,0,0,0,0.0,171.5,21,0.0,0,0,0,0,0,0
TAWSIF,0,0,1,517,0,0,0,0,0,0,0,0,0,0,0,0,0,0,0,0,0,0,0,0,0,0,0,0,0,0,0,0,0,0,0,0,0,0,0,0,343,0,0,2,1,0,0,0,0.0,171.5,21,0.0,0,0,0,0,0,0
TAWSIF,0,0,0,233,0,0,0,0,0,0,0,0,0,0,0,0,0,0,0,0,0,0,0,0,0,0,0,0,0,0,0,0,0,0,0,0,0,0,0,0,343,0,0,2,1,0,0,0,0.0,171.5,21,0.0,0,0,0,0,0,0
TAWSIF,0,0,1,447,0,0,0,0,0,0,0,0,0,0,0,0,0,0,0,0,0,0,0,0,0,0,0,0,0,0,0,0,0,0,0,0,0,0,0,0,343,0,0,2,1,0,0,0,0.0,171.5,21,0.0,0,0,0,0,0,0
TAWSIF,0,0,0,744,0,0,0,0,0,0,0,0,0,0,0,0,0,0,0,0,0,0,0,0,0,0,0,0,0,0,0,0,0,0,0,0,0,0,0,0,343,0,0,2,1,0,0,0,0.0,171.5,21,0.0,0,0,0,0,0,0
TAWSIF,0,0,0,713,0,0,0,0,0,0,0,0,0,0,0,0,0,0,0,0,0,0,0,0,0,0,0,0,0,0,0,0,0,0,0,0,0,0,0,0,343,0,0,2,1,0,0,0,0.0,171.5,21,0.0,0,0,0,0,0,0
TAWSIF,0,0,1,570,0,0,0,0,0,0,0,0,0,0,0,0,0,0,0,0,0,0,0,0,0,0,0,0,0,0,0,0,0,0,0,0,0,0,0,0,343,0,0,2,1,0,0,0,0.0,171.5,21,0.0,0,0,0,0,0,0
TAWSIF,0,0,1,463,0,0,0,0,0,0,0,0,0,0,0,0,0,0,0,0,0,0,0,0,0,0,0,0,0,0,0,0,0,0,0,0,0,0,0,0,343,0,0,2,1,0,0,0,0.0,171.5,21,0.0,0,0,0,0,0,0
TAWSIF,0,0,0,688,0,0,0,0,0,0,0,0,0,0,0,0,0,0,0,0,0,0,0,0,0,0,0,0,0,0,0,0,0,0,0,0,0,0,0,0,343,0,0,2,1,0,0,0,0.0,171.5,21,0.0,0,0,0,0,0,0
TAWSIF,0,0,1,227,0,0,0,0,0,0,0,0,0,0,0,0,0,0,0,0,0,0,0,0,0,0,0,0,0,0,0,0,0,0,0,0,0,0,0,0,343,0,0,2,1,0,0,0,0.0,171.5,21,0.0,0,0,0,0,0,0
TAWSIF,0,0,0,537,0,0,0,0,0,0,0,0,0,0,0,0,0,0,0,0,0,0,0,0,0,0,0,0,0,0,0,0,0,0,0,0,0,0,0,0,343,0,0,2,1,0,0,0,0.0,171.5,21,0.0,0,0,0,0,0,0
TAWSIF,0,0,0,314,0,0,0,0,0,0,0,0,0,0,0,0,0,0,0,0,0,0,0,0,0,0,0,0,0,0,0,0,0,0,0,0,0,0,0,0,343,0,0,2,1,0,0,0,0.0,171.5,21,0.0,0,0,0,0,0,0
TAWSIF,0,0,1,313,0,0,0,0,0,0,0,0,0,0,0,0,0,0,0,0,0,0,0,0,0,0,0,0,0,0,0,0,0,0,0,0,0,0,0,0,343,0,0,2,1,0,0,0,0.0,171.5,21,0.0,0,0,0,0,0,0
TAWSIF,0,0,1,115,0,0,0,0,0,0,0,0,0,0,0,0,0,0,0,0,0,0,0,0,0,0,0,0,0,0,0,0,0,0,0,0,0,0,0,0,343,0,0,2,1,0,0,0,0.0,171.5,21,0.0,0,0,0,0,0,0
TAWSIF,0,0,0,503,0,0,0,0,0,0,0,0,0,0,0,0,0,0,0,0,0,0,0,0,0,0,0,0,0,0,0,0,0,0,0,0,0,0,0,0,343,0,0,2,1,0,0,0,0.0,171.5,21,0.0,0,0,0,0,0,0
TAWSIF,0,0,0,712,0,0,0,0,0,0,0,0,0,0,0,0,0,0,0,0,0,0,0,0,0,0,0,0,0,0,0,0,0,0,0,0,0,0,0,0,343,0,0,2,1,0,0,0,0.0,171.5,21,0.0,0,0,0,0,0,0
TAWSIF,0,0,0,631,0,0,0,0,0,0,0,0,0,0,0,0,0,0,0,0,0,0,0,0,0,0,0,0,0,0,0,0,0,0,0,0,0,0,0,0,343,0,0,2,1,0,0,0,0.0,171.5,21,0.0,0,0,0,0,0,0
TAWSIF,0,0,0,305,0,0,0,0,0,0,0,0,0,0,0,0,0,0,0,0,0,0,0,0,0,0,0,0,0,0,0,0,0,0,0,0,0,0,0,0,343,0,0,2,1,0,0,0,0.0,171.5,21,0.0,0,0,0,0,0,0
TAWSIF,0,0,0,489,0,0,0,0,0,0,0,0,0,0,0,0,0,0,0,0,0,0,0,0,0,0,0,0,0,0,0,0,0,0,0,0,0,0,0,0,343,0,0,2,1,0,0,0,0.0,171.5,21,0.0,0,0,0,0,0,0
TAWSIF,0,0,0,160,0,0,0,0,0,0,0,0,0,0,0,0,0,0,0,0,0,0,0,0,0,0,0,0,0,0,0,0,0,0,0,0,0,0,0,0,343,0,0,2,1,0,0,0,0.0,171.5,21,0.0,0,0,0,0,0,0
TAWSIF,0,0,0,162,0,0,0,0,0,0,0,0,0,0,0,0,0,0,0,0,0,0,0,0,0,0,0,0,0,0,0,0,0,0,0,0,0,0,0,0,343,0,0,2,1,0,0,0,0.0,171.5,21,0.0,0,0,0,0,0,0
TAWSIF,0,0,1,752,0,0,0,0,0,0,0,0,0,0,0,0,0,0,0,0,0,0,0,0,0,0,0,0,0,0,0,0,0,0,0,0,0,0,0,0,343,0,0,2,1,0,0,0,0.0,171.5,21,0.0,0,0,0,0,0,0
TAWSIF,0,0,1,328,0,0,0,0,0,0,0,0,0,0,0,0,0,0,0,0,0,0,0,0,0,0,0,0,0,0,0,0,0,0,0,0,0,0,0,0,343,0,0,2,1,0,0,0,0.0,171.5,21,0.0,0,0,0,0,0,0
TAWSIF,0,0,0,595,0,0,0,0,0,0,0,0,0,0,0,0,0,0,0,0,0,0,0,0,0,0,0,0,0,0,0,0,0,0,0,0,0,0,0,0,343,0,0,2,1,0,0,0,0.0,171.5,21,0.0,0,0,0,0,0,0
TAWSIF,0,0,0,447,0,0,0,0,0,0,0,0,0,0,0,0,0,0,0,0,0,0,0,0,0,0,0,0,0,0,0,0,0,0,0,0,0,0,0,0,343,0,0,2,1,0,0,0,0.0,171.5,21,0.0,0,0,0,0,0,0
TAWSIF,0,0,0,411,0,0,0,0,0,0,0,0,0,0,0,0,0,0,0,0,0,0,0,0,0,0,0,0,0,0,0,0,0,0,0,0,0,0,0,0,343,0,0,2,1,0,0,0,0.0,171.5,21,0.0,0,0,0,0,0,0
TAWSIF,0,0,0,601,0,0,0,0,0,0,0,0,0,0,0,0,0,0,0,0,0,0,0,0,0,0,0,0,0,0,0,0,0,0,0,0,0,0,0,0,343,0,0,2,1,0,0,0,0.0,171.5,21,0.0,0,0,0,0,0,0
TAWSIF,0,0,0,704,0,0,0,0,0,0,0,0,0,0,0,0,0,0,0,0,0,0,0,0,0,0,0,0,0,0,0,0,0,0,0,0,0,0,0,0,343,0,0,2,1,0,0,0,0.0,171.5,21,0.0,0,0,0,0,0,0
TAWSIF,0,0,1,493,0,0,0,0,0,0,0,0,0,0,0,0,0,0,0,0,0,0,0,0,0,0,0,0,0,0,0,0,0,0,0,0,0,0,0,0,343,0,0,2,1,0,0,0,0.0,171.5,21,0.0,0,0,0,0,0,0
TAWSIF,0,0,1,284,0,0,0,0,0,0,0,0,0,0,0,0,0,0,0,0,0,0,0,0,0,0,0,0,0,0,0,0,0,0,0,0,0,0,0,0,343,0,0,2,1,0,0,0,0.0,171.5,21,0.0,0,0,0,0,0,0
TAWSIF,0,0,0,205,0,0,0,0,0,0,0,0,0,0,0,0,0,0,0,0,0,0,0,0,0,0,0,0,0,0,0,0,0,0,0,0,0,0,0,0,343,0,0,2,1,0,0,0,0.0,171.5,21,0.0,0,0,0,0,0,0
TAWSIF,0,0,0,627,0,0,0,0,0,0,0,0,0,0,0,0,0,0,0,0,0,0,0,0,0,0,0,0,0,0,0,0,0,0,0,0,0,0,0,0,343,0,0,2,1,0,0,0,0.0,171.5,21,0.0,0,0,0,0,0,0
TAWSIF,0,0,1,385,0,0,0,0,0,0,0,0,0,0,0,0,0,0,0,0,0,0,0,0,0,0,0,0,0,0,0,0,0,0,0,0,0,0,0,0,343,0,0,2,1,0,0,0,0.0,171.5,21,0.0,0,0,0,0,0,0
TAWSIF,0,0,0,466,0,0,0,0,0,0,0,0,0,0,0,0,0,0,0,0,0,0,0,0,0,0,0,0,0,0,0,0,0,0,0,0,0,0,0,0,343,0,0,2,1,0,0,0,0.0,171.5,21,0.0,0,0,0,0,0,0
TAWSIF,0,0,0,675,0,0,0,0,0,0,0,0,0,0,0,0,0,0,0,0,0,0,0,0,0,0,0,0,0,0,0,0,0,0,0,0,0,0,0,0,343,0,0,2,1,0,0,0,0.0,171.5,21,0.0,0,0,0,0,0,0
TAWSIF,0,0,0,199,0,0,0,0,0,0,0,0,0,0,0,0,0,0,0,0,0,0,0,0,0,0,0,0,0,0,0,0,0,0,0,0,0,0,0,0,343,0,0,2,1,0,0,0,0.0,171.5,21,0.0,0,0,0,0,0,0
TAWSIF,0,0,0,711,0,0,0,0,0,0,0,0,0,0,0,0,0,0,0,0,0,0,0,0,0,0,0,0,0,0,0,0,0,0,0,0,0,0,0,0,343,0,0,2,1,0,0,0,0.0,171.5,21,0.0,0,0,0,0,0,0
TAWSIF,0,0,0,115,0,0,0,0,0,0,0,0,0,0,0,0,0,0,0,0,0,0,0,0,0,0,0,0,0,0,0,0,0,0,0,0,0,0,0,0,343,0,0,2,1,0,0,0,0.0,171.5,21,0.0,0,0,0,0,0,0
